Gene,Location,miR,Targetscan,Sum
Cct5,Not_3UTR,mmu-miR-132-5p,FALSE,10
Maml3,Not_3UTR,mmu-miR-132-5p,FALSE,10
Apobec1,Not_3UTR,mmu-miR-132-5p,FALSE,0
4632428C04Rik,Not_3UTR,mmu-miR-132-5p,FALSE,0
Aldh8a1,Not_3UTR,mmu-miR-132-5p,FALSE,0
Ccnh,Not_3UTR,mmu-miR-132-5p,FALSE,0
Cep68,Not_3UTR,mmu-miR-132-5p,FALSE,0
Gm7609,Not_3UTR,mmu-miR-132-5p,FALSE,0
Olfr281,Not_3UTR,mmu-miR-132-5p,FALSE,0
Adgrl2,Not_3UTR,mmu-miR-132-5p,FALSE,0
Atp8a1,Not_3UTR,mmu-miR-132-5p,FALSE,0
Ccdc58,Not_3UTR,mmu-miR-132-5p,FALSE,0
Zfp663,Not_3UTR,mmu-miR-132-5p,FALSE,0
Rsc1a1,Not_3UTR,mmu-miR-132-5p,FALSE,0
Gm12185,Not_3UTR,mmu-miR-132-5p,FALSE,0
Gja4,Not_3UTR,mmu-miR-132-5p,FALSE,0
Kcnh7,Not_3UTR,mmu-miR-132-5p,FALSE,0
Mark1,Not_3UTR,mmu-miR-132-5p,FALSE,0
Fam90a1a,Not_3UTR,mmu-miR-132-5p,FALSE,0
9130019O22Rik,Not_3UTR,mmu-miR-132-5p,FALSE,3
1700012B07Rik,Not_3UTR,mmu-miR-132-5p,FALSE,0
Asb6,Not_3UTR,mmu-miR-132-5p,FALSE,0
Bcl2l11,Not_3UTR,mmu-miR-132-5p,FALSE,0
Ankle2,Not_3UTR,mmu-miR-132-5p,FALSE,0
Huwe1,Not_3UTR,mmu-miR-132-5p,FALSE,34
Ush1g,Not_3UTR,mmu-miR-132-5p,FALSE,0
AI854703,Not_3UTR,mmu-miR-132-5p,FALSE,0
1700009J07Rik,Not_3UTR,mmu-miR-132-5p,FALSE,0
Cpeb2,Not_3UTR,mmu-miR-132-5p,FALSE,0
1700001G01Rik,Not_3UTR,mmu-miR-132-5p,FALSE,0
Dnm2,Not_3UTR,mmu-miR-132-5p,FALSE,0
4930583I09Rik,Not_3UTR,mmu-miR-132-5p,FALSE,0
H6pd,Not_3UTR,mmu-miR-132-5p,FALSE,11
Tas2r134,Not_3UTR,mmu-miR-132-5p,FALSE,0
Gjd3,Not_3UTR,mmu-miR-132-5p,FALSE,0
Klhdc9,Not_3UTR,mmu-miR-132-5p,FALSE,0
Tdrd6,Not_3UTR,mmu-miR-132-5p,FALSE,0
Focad,Not_3UTR,mmu-miR-132-5p,FALSE,0
Ptk7,Not_3UTR,mmu-miR-132-5p,FALSE,0
Mon1b,Not_3UTR,mmu-miR-132-5p,FALSE,0
2310011J03Rik,Not_3UTR,mmu-miR-132-5p,FALSE,0
Insr,Not_3UTR,mmu-miR-132-5p,FALSE,0
2310039H08Rik,Not_3UTR,mmu-miR-132-5p,FALSE,0
Adgrg6,Not_3UTR,mmu-miR-132-5p,FALSE,0
Adarb2,Not_3UTR,mmu-miR-132-5p,FALSE,0
Dnah5,Not_3UTR,mmu-miR-132-5p,FALSE,0
Dnah6,Not_3UTR,mmu-miR-132-5p,FALSE,0
A230050P20Rik,Not_3UTR,mmu-miR-132-5p,FALSE,1
LOC215458,Not_3UTR,mmu-miR-132-5p,FALSE,0
N4bp1,Not_3UTR,mmu-miR-132-5p,FALSE,0
5430419D17Rik,Not_3UTR,mmu-miR-132-5p,FALSE,0
3010003L21Rik,Not_3UTR,mmu-miR-132-5p,FALSE,0
Rfx6,Not_3UTR,mmu-miR-132-5p,FALSE,0
3110062M04Rik,Not_3UTR,mmu-miR-132-5p,FALSE,0
Mum1,Not_3UTR,mmu-miR-132-5p,FALSE,0
Mast2,Not_3UTR,mmu-miR-132-5p,FALSE,2
2900005J15Rik,Not_3UTR,mmu-miR-132-5p,FALSE,0
Glis3,Not_3UTR,mmu-miR-132-5p,FALSE,0
Adipor1,Not_3UTR,mmu-miR-132-5p,FALSE,9
Olfr212,Not_3UTR,mmu-miR-132-5p,FALSE,0
AI182371,Not_3UTR,mmu-miR-132-5p,FALSE,0
Acsl6,Not_3UTR,mmu-miR-132-5p,FALSE,0
BC107364,Not_3UTR,mmu-miR-132-5p,FALSE,0
1110004E09Rik,Not_3UTR,mmu-miR-132-5p,FALSE,0
Dock7,Not_3UTR,mmu-miR-132-5p,FALSE,0
Zbtb4,Not_3UTR,mmu-miR-132-5p,FALSE,0
4921531C22Rik,Not_3UTR,mmu-miR-132-5p,FALSE,0
Dhx34,Not_3UTR,mmu-miR-132-5p,FALSE,0
Kcna7,Not_3UTR,mmu-miR-132-5p,FALSE,0
Kcnh3,Not_3UTR,mmu-miR-132-5p,FALSE,0
Pi4ka,Not_3UTR,mmu-miR-132-5p,FALSE,0
A2m,Not_3UTR,mmu-miR-132-5p,FALSE,0
Fam205a2,Not_3UTR,mmu-miR-132-5p,FALSE,0
G730013B05Rik,Not_3UTR,mmu-miR-132-5p,FALSE,0
Sytl2,Not_3UTR,mmu-miR-132-5p,FALSE,0
Dlk2,Not_3UTR,mmu-miR-132-5p,FALSE,0
Mlc1,Not_3UTR,mmu-miR-132-5p,FALSE,0
Ctnna3,Not_3UTR,mmu-miR-132-5p,FALSE,0
Slc35f2,Not_3UTR,mmu-miR-132-5p,FALSE,0
Blmh,Not_3UTR,mmu-miR-132-5p,FALSE,7
Gatad1,Not_3UTR,mmu-miR-132-5p,FALSE,8
Gale,Not_3UTR,mmu-miR-132-5p,FALSE,0
Anpep,Not_3UTR,mmu-miR-132-5p,FALSE,2
Fam13c,Not_3UTR,mmu-miR-132-5p,FALSE,0
9330020H09Rik,Not_3UTR,mmu-miR-132-5p,FALSE,0
Foxi1,Not_3UTR,mmu-miR-132-5p,FALSE,0
Camk2b,Not_3UTR,mmu-miR-132-5p,FALSE,0
AI507597,Not_3UTR,mmu-miR-132-5p,FALSE,0
Shank3,Not_3UTR,mmu-miR-132-5p,FALSE,0
Bpifb4,Not_3UTR,mmu-miR-132-5p,FALSE,0
Rasgrp1,Not_3UTR,mmu-miR-132-5p,FALSE,11
Olfr1299,Not_3UTR,mmu-miR-132-5p,FALSE,0
Acads,Not_3UTR,mmu-miR-132-5p,FALSE,0
Fbxw11,Not_3UTR,mmu-miR-132-5p,FALSE,0
1700081H04Rik,Not_3UTR,mmu-miR-132-5p,FALSE,0
Actl7b,Not_3UTR,mmu-miR-132-5p,FALSE,0
Klhl29,Not_3UTR,mmu-miR-132-5p,FALSE,0
Adgrg3,Not_3UTR,mmu-miR-132-5p,FALSE,0
A230001M10Rik,Not_3UTR,mmu-miR-132-5p,FALSE,0
Pfkm,Not_3UTR,mmu-miR-132-5p,FALSE,0
7420701I03Rik,Not_3UTR,mmu-miR-132-5p,FALSE,0
Acoxl,Not_3UTR,mmu-miR-132-5p,FALSE,0
A430078G23Rik,Not_3UTR,mmu-miR-132-5p,FALSE,1
Nog,Not_3UTR,mmu-miR-132-5p,FALSE,0
Tdrd7,Not_3UTR,mmu-miR-132-5p,FALSE,0
Fbxo10,Not_3UTR,mmu-miR-132-5p,FALSE,0
Foxn4,Not_3UTR,mmu-miR-132-5p,FALSE,0
Acnat1,Not_3UTR,mmu-miR-132-5p,FALSE,0
Fmo5,Not_3UTR,mmu-miR-132-5p,FALSE,0
Arhgap17,Not_3UTR,mmu-miR-132-5p,FALSE,0
Atp1a2,Not_3UTR,mmu-miR-132-5p,FALSE,0
Hoxb2,Not_3UTR,mmu-miR-132-5p,FALSE,0
Gm15545,Not_3UTR,mmu-miR-132-5p,FALSE,0
Pcdh7,Not_3UTR,mmu-miR-132-5p,FALSE,0
Dck,Not_3UTR,mmu-miR-132-5p,FALSE,0
Ccny,Not_3UTR,mmu-miR-132-5p,FALSE,0
Abcc8,Not_3UTR,mmu-miR-132-5p,FALSE,0
Fam181b,Not_3UTR,mmu-miR-132-5p,FALSE,0
Abhd17c,Not_3UTR,mmu-miR-132-5p,FALSE,6
Synpr,Not_3UTR,mmu-miR-132-5p,FALSE,0
Smco2,Not_3UTR,mmu-miR-132-5p,FALSE,0
Acad10,Not_3UTR,mmu-miR-132-5p,FALSE,0
Alpl,Not_3UTR,mmu-miR-132-5p,FALSE,0
Cdh6,Not_3UTR,mmu-miR-132-5p,FALSE,0
4930404I05Rik,Not_3UTR,mmu-miR-132-5p,FALSE,0
Cyp2d22,Not_3UTR,mmu-miR-132-5p,FALSE,0
Htr1b,Not_3UTR,mmu-miR-132-5p,FALSE,0
Acss3,Not_3UTR,mmu-miR-132-5p,FALSE,0
Aqr,Not_3UTR,mmu-miR-132-5p,FALSE,0
Actr8,Not_3UTR,mmu-miR-132-5p,FALSE,0
Abcd3,Not_3UTR,mmu-miR-132-5p,FALSE,0
Pdzd7,Not_3UTR,mmu-miR-132-5p,FALSE,0
Vmn2r4,Not_3UTR,mmu-miR-132-5p,FALSE,0
Bsn,Not_3UTR,mmu-miR-132-5p,FALSE,0
Cog7,Not_3UTR,mmu-miR-132-5p,FALSE,0
Akt2,Not_3UTR,mmu-miR-132-5p,FALSE,0
Adgrf3,Not_3UTR,mmu-miR-132-5p,FALSE,0
1700040L02Rik,Not_3UTR,mmu-miR-132-5p,FALSE,0
Dnah1,Not_3UTR,mmu-miR-132-5p,FALSE,0
Adamtsl3,Not_3UTR,mmu-miR-132-5p,FALSE,0
Eef1a2,Not_3UTR,mmu-miR-132-5p,FALSE,1
Col24a1,Not_3UTR,mmu-miR-132-5p,FALSE,0
Psg-ps1,Not_3UTR,mmu-miR-132-5p,FALSE,0
Adgrb1,Not_3UTR,mmu-miR-132-5p,FALSE,0
Casp14,Not_3UTR,mmu-miR-132-5p,FALSE,0
Fam189b,Not_3UTR,mmu-miR-132-5p,FALSE,0
Adm2,Not_3UTR,mmu-miR-132-5p,FALSE,0
Bcan,Not_3UTR,mmu-miR-132-5p,FALSE,0
Adra1b,Not_3UTR,mmu-miR-132-5p,FALSE,0
Actl11,Not_3UTR,mmu-miR-132-5p,FALSE,0
Adsl,Not_3UTR,mmu-miR-132-5p,FALSE,0
Ccdc13,Not_3UTR,mmu-miR-132-5p,FALSE,0
Cd300ld4,Not_3UTR,mmu-miR-132-5p,FALSE,0
Ago3,Not_3UTR,mmu-miR-132-5p,FALSE,0
Dhx36,Not_3UTR,mmu-miR-132-5p,FALSE,0
C77080,Not_3UTR,mmu-miR-132-5p,FALSE,1
0610009O20Rik,Not_3UTR,mmu-miR-132-5p,FALSE,0
2900026A02Rik,Not_3UTR,mmu-miR-132-5p,FALSE,0
AI593442,Not_3UTR,mmu-miR-132-5p,FALSE,0
Barhl1,Not_3UTR,mmu-miR-132-5p,FALSE,0
Kdm4d,Not_3UTR,mmu-miR-132-5p,FALSE,0
Aifm3,Not_3UTR,mmu-miR-132-5p,FALSE,0
Orai2,Not_3UTR,mmu-miR-132-5p,FALSE,0
Cep126,Not_3UTR,mmu-miR-132-5p,FALSE,0
Fos,Not_3UTR,mmu-miR-132-5p,FALSE,0
Dync1h1,Not_3UTR,mmu-miR-132-5p,FALSE,9
Iars,Not_3UTR,mmu-miR-132-5p,FALSE,5
Iars2,Not_3UTR,mmu-miR-132-5p,FALSE,0
Kcnip2,Not_3UTR,mmu-miR-132-5p,FALSE,0
Fgfbp3,Not_3UTR,mmu-miR-132-5p,FALSE,0
Aldh18a1,Not_3UTR,mmu-miR-132-5p,FALSE,0
Gemin2,Not_3UTR,mmu-miR-132-5p,FALSE,0
Cryz,Not_3UTR,mmu-miR-132-5p,FALSE,0
Aida,Not_3UTR,mmu-miR-132-5p,FALSE,0
Dcbld2,Not_3UTR,mmu-miR-132-5p,FALSE,0
Atxn2l,Not_3UTR,mmu-miR-132-5p,FALSE,0
Tapbpl,Not_3UTR,mmu-miR-132-5p,FALSE,0
Hagh,Not_3UTR,mmu-miR-132-5p,FALSE,0
Fam19a3,Not_3UTR,mmu-miR-132-5p,FALSE,0
Rfx1,Not_3UTR,mmu-miR-132-5p,FALSE,0
Ahnak,Not_3UTR,mmu-miR-132-5p,FALSE,0
Phf3,Not_3UTR,mmu-miR-132-5p,FALSE,0
Fgf6,Not_3UTR,mmu-miR-132-5p,FALSE,0
9330178D15Rik,Not_3UTR,mmu-miR-132-5p,FALSE,0
Lmbrd2,Not_3UTR,mmu-miR-132-5p,FALSE,0
Angpt2,Not_3UTR,mmu-miR-132-5p,FALSE,0
Ankrd33,Not_3UTR,mmu-miR-132-5p,FALSE,0
Grin2b,Not_3UTR,mmu-miR-132-5p,FALSE,0
Rbbp8,Not_3UTR,mmu-miR-132-5p,FALSE,0
Gas1,Not_3UTR,mmu-miR-132-5p,FALSE,0
Bcorl1,Not_3UTR,mmu-miR-132-5p,FALSE,0
Ceacam16,Not_3UTR,mmu-miR-132-5p,FALSE,0
Dxo,Not_3UTR,mmu-miR-132-5p,FALSE,0
Dnaaf1,Not_3UTR,mmu-miR-132-5p,FALSE,0
Gm438,Not_3UTR,mmu-miR-132-5p,FALSE,0
Rcor1,Not_3UTR,mmu-miR-132-5p,FALSE,14
Dcaf12l2,Not_3UTR,mmu-miR-132-5p,FALSE,0
Tmem170b,Not_3UTR,mmu-miR-132-5p,FALSE,0
Abcc9,Not_3UTR,mmu-miR-132-5p,FALSE,0
Apbb1,Not_3UTR,mmu-miR-132-5p,FALSE,0
Ccdc85c,Not_3UTR,mmu-miR-132-5p,FALSE,0
Fer1l4,Not_3UTR,mmu-miR-132-5p,FALSE,0
Ripor2,Not_3UTR,mmu-miR-132-5p,FALSE,2
Fut4-ps1,Not_3UTR,mmu-miR-132-5p,FALSE,0
Brat1,Not_3UTR,mmu-miR-132-5p,FALSE,0
Osbp2,Not_3UTR,mmu-miR-132-5p,FALSE,0
Tmem62,Not_3UTR,mmu-miR-132-5p,FALSE,0
Arg1,Not_3UTR,mmu-miR-132-5p,FALSE,0
Mup12,Not_3UTR,mmu-miR-132-5p,FALSE,0
Ces2f,Not_3UTR,mmu-miR-132-5p,FALSE,0
C2cd2l,Not_3UTR,mmu-miR-132-5p,FALSE,0
Arhgap45,Not_3UTR,mmu-miR-132-5p,FALSE,1
Oat,Not_3UTR,mmu-miR-132-5p,FALSE,0
Tpp2,Not_3UTR,mmu-miR-132-5p,FALSE,1
Arhgef19,Not_3UTR,mmu-miR-132-5p,FALSE,0
Nsmce1,Not_3UTR,mmu-miR-132-5p,FALSE,1
Gpatch8,Not_3UTR,mmu-miR-132-5p,FALSE,0
Ackr4,Not_3UTR,mmu-miR-132-5p,FALSE,0
Tlx3,Not_3UTR,mmu-miR-132-5p,FALSE,0
Ptk2,Not_3UTR,mmu-miR-132-5p,FALSE,0
Snx18,Not_3UTR,mmu-miR-132-5p,FALSE,0
Cnbd2,Not_3UTR,mmu-miR-132-5p,FALSE,0
Asb12,Not_3UTR,mmu-miR-132-5p,FALSE,0
Cycs,Not_3UTR,mmu-miR-132-5p,FALSE,0
Dnah17,Not_3UTR,mmu-miR-132-5p,FALSE,0
Olfr728,Not_3UTR,mmu-miR-132-5p,FALSE,0
Bard1,Not_3UTR,mmu-miR-132-5p,FALSE,1
Asic1,Not_3UTR,mmu-miR-132-5p,FALSE,0
Asic2,Not_3UTR,mmu-miR-132-5p,FALSE,0
Brpf1,Not_3UTR,mmu-miR-132-5p,FALSE,0
B4galt1,Not_3UTR,mmu-miR-132-5p,FALSE,0
Ahcyl1,Not_3UTR,mmu-miR-132-5p,FALSE,0
Msh2,Not_3UTR,mmu-miR-132-5p,FALSE,0
Atp13a2,Not_3UTR,mmu-miR-132-5p,FALSE,0
Prpf4b,Not_3UTR,mmu-miR-132-5p,FALSE,0
Amdhd2,Not_3UTR,mmu-miR-132-5p,FALSE,0
R3hcc1,Not_3UTR,mmu-miR-132-5p,FALSE,0
Fat1,Not_3UTR,mmu-miR-132-5p,FALSE,0
Gp1bb,Not_3UTR,mmu-miR-132-5p,FALSE,0
Gm13032,Not_3UTR,mmu-miR-132-5p,FALSE,0
Atr,Not_3UTR,mmu-miR-132-5p,FALSE,2
BC051019,Not_3UTR,mmu-miR-132-5p,FALSE,0
Kalrn,Not_3UTR,mmu-miR-132-5p,FALSE,0
Chpf,Not_3UTR,mmu-miR-132-5p,FALSE,0
Dpysl5,Not_3UTR,mmu-miR-132-5p,FALSE,0
Icmt,Not_3UTR,mmu-miR-132-5p,FALSE,0
Gba2,Not_3UTR,mmu-miR-132-5p,FALSE,0
Htra2,Not_3UTR,mmu-miR-132-5p,FALSE,0
Nedd9,Not_3UTR,mmu-miR-132-5p,FALSE,0
Angptl2,Not_3UTR,mmu-miR-132-5p,FALSE,0
Sqor,Not_3UTR,mmu-miR-132-5p,FALSE,0
B3gntl1,Not_3UTR,mmu-miR-132-5p,FALSE,0
Foxd2,Not_3UTR,mmu-miR-132-5p,FALSE,0
Gm833,Not_3UTR,mmu-miR-132-5p,FALSE,0
Capzb,Not_3UTR,mmu-miR-132-5p,FALSE,65
Bckdhb,Not_3UTR,mmu-miR-132-5p,FALSE,0
Bach2,Not_3UTR,mmu-miR-132-5p,FALSE,0
Mast1,Not_3UTR,mmu-miR-132-5p,FALSE,0
Cep63,Not_3UTR,mmu-miR-132-5p,FALSE,0
Dock9,Not_3UTR,mmu-miR-132-5p,FALSE,0
Klb,Not_3UTR,mmu-miR-132-5p,FALSE,0
Zfp462,Not_3UTR,mmu-miR-132-5p,FALSE,0
BC016579,Not_3UTR,mmu-miR-132-5p,FALSE,0
Pcdh10,Not_3UTR,mmu-miR-132-5p,FALSE,0
Sdr16c6,Not_3UTR,mmu-miR-132-5p,FALSE,0
Ercc6l2,Not_3UTR,mmu-miR-132-5p,FALSE,0
Bcas3,Not_3UTR,mmu-miR-132-5p,FALSE,1
Kdelr2,Not_3UTR,mmu-miR-132-5p,FALSE,10
Cdh24,Not_3UTR,mmu-miR-132-5p,FALSE,0
E330013P04Rik,Not_3UTR,mmu-miR-132-5p,FALSE,0
Nmur2,Not_3UTR,mmu-miR-132-5p,FALSE,0
Bicra,Not_3UTR,mmu-miR-132-5p,FALSE,0
Dpp6,Not_3UTR,mmu-miR-132-5p,FALSE,0
Olfr633,Not_3UTR,mmu-miR-132-5p,FALSE,0
Bloc1s3,Not_3UTR,mmu-miR-132-5p,FALSE,0
Tmem132c,Not_3UTR,mmu-miR-132-5p,FALSE,0
Acsbg1,Not_3UTR,mmu-miR-132-5p,FALSE,0
Pomt1,Not_3UTR,mmu-miR-132-5p,FALSE,0
Bpifb1,Not_3UTR,mmu-miR-132-5p,FALSE,0
Braf,Not_3UTR,mmu-miR-132-5p,FALSE,2
Brca2,Not_3UTR,mmu-miR-132-5p,FALSE,0
Brd1,Not_3UTR,mmu-miR-132-5p,FALSE,0
Cd274,Not_3UTR,mmu-miR-132-5p,FALSE,0
Acp1,Not_3UTR,mmu-miR-132-5p,FALSE,0
Foxj2,Not_3UTR,mmu-miR-132-5p,FALSE,0
Brwd3,Not_3UTR,mmu-miR-132-5p,FALSE,0
Cacna1h,Not_3UTR,mmu-miR-132-5p,FALSE,0
Btbd11,Not_3UTR,mmu-miR-132-5p,FALSE,1
Rbm24,Not_3UTR,mmu-miR-132-5p,FALSE,0
Scarf2,Not_3UTR,mmu-miR-132-5p,FALSE,0
Btnl2,Not_3UTR,mmu-miR-132-5p,FALSE,1
Ahsg,Not_3UTR,mmu-miR-132-5p,FALSE,0
Bub1b,Not_3UTR,mmu-miR-132-5p,FALSE,0
Bcr,Not_3UTR,mmu-miR-132-5p,FALSE,0
Lincred1,Not_3UTR,mmu-miR-132-5p,FALSE,0
C1ql1,Not_3UTR,mmu-miR-132-5p,FALSE,0
Adamts12,Not_3UTR,mmu-miR-132-5p,FALSE,0
Hc,Not_3UTR,mmu-miR-132-5p,FALSE,1
Syn3,Not_3UTR,mmu-miR-132-5p,FALSE,0
Lamc3,Not_3UTR,mmu-miR-132-5p,FALSE,0
Cabin1,Not_3UTR,mmu-miR-132-5p,FALSE,9
Cables1,Not_3UTR,mmu-miR-132-5p,FALSE,0
Atp2a3,Not_3UTR,mmu-miR-132-5p,FALSE,0
Cacna1b,Not_3UTR,mmu-miR-132-5p,FALSE,0
Col8a1,Not_3UTR,mmu-miR-132-5p,FALSE,0
Cacna1c,Not_3UTR,mmu-miR-132-5p,FALSE,0
Cacna2d3,Not_3UTR,mmu-miR-132-5p,FALSE,0
Ccrl2,Not_3UTR,mmu-miR-132-5p,FALSE,0
B3glct,Not_3UTR,mmu-miR-132-5p,FALSE,0
Mpp4,Not_3UTR,mmu-miR-132-5p,FALSE,0
Acaca,Not_3UTR,mmu-miR-132-5p,FALSE,0
Copb1,Not_3UTR,mmu-miR-132-5p,FALSE,0
Hyls1,Not_3UTR,mmu-miR-132-5p,FALSE,0
Clcnka,Not_3UTR,mmu-miR-132-5p,FALSE,0
Capza2,Not_3UTR,mmu-miR-132-5p,FALSE,0
Lrrc26,Not_3UTR,mmu-miR-132-5p,FALSE,0
A530099J19Rik,Not_3UTR,mmu-miR-132-5p,FALSE,0
Dlec1,Not_3UTR,mmu-miR-132-5p,FALSE,0
Chrna10,Not_3UTR,mmu-miR-132-5p,FALSE,0
Casp7,Not_3UTR,mmu-miR-132-5p,FALSE,0
Casp8,Not_3UTR,mmu-miR-132-5p,FALSE,11
Olfr54,Not_3UTR,mmu-miR-132-5p,FALSE,0
Micall2,Not_3UTR,mmu-miR-132-5p,FALSE,0
Cbfa2t3,Not_3UTR,mmu-miR-132-5p,FALSE,0
Mecp2,Not_3UTR,mmu-miR-132-5p,FALSE,0
Cbs,Not_3UTR,mmu-miR-132-5p,FALSE,0
Zfyve28,Not_3UTR,mmu-miR-132-5p,FALSE,0
Ccdc102a,Not_3UTR,mmu-miR-132-5p,FALSE,0
Ebi3,Not_3UTR,mmu-miR-132-5p,FALSE,17
Bud13,Not_3UTR,mmu-miR-132-5p,FALSE,0
Ccdc151,Not_3UTR,mmu-miR-132-5p,FALSE,0
1700028E10Rik,Not_3UTR,mmu-miR-132-5p,FALSE,0
Col6a4,Not_3UTR,mmu-miR-132-5p,FALSE,0
Aox1,Not_3UTR,mmu-miR-132-5p,FALSE,0
Tigd2,Not_3UTR,mmu-miR-132-5p,FALSE,0
Olfr1098,Not_3UTR,mmu-miR-132-5p,FALSE,0
4933413G19Rik,Not_3UTR,mmu-miR-132-5p,FALSE,0
H60c,Not_3UTR,mmu-miR-132-5p,FALSE,0
Cdhr2,Not_3UTR,mmu-miR-132-5p,FALSE,0
Cd101,Not_3UTR,mmu-miR-132-5p,FALSE,0
Gm11239,Not_3UTR,mmu-miR-132-5p,FALSE,0
Mnt,Not_3UTR,mmu-miR-132-5p,FALSE,3
Cd2bp2,Not_3UTR,mmu-miR-132-5p,FALSE,1
Cd300ld5,Not_3UTR,mmu-miR-132-5p,FALSE,0
Gal3st2c,Not_3UTR,mmu-miR-132-5p,FALSE,0
Lancl1,Not_3UTR,mmu-miR-132-5p,FALSE,1
Mrgprh,Not_3UTR,mmu-miR-132-5p,FALSE,0
Cdh18,Not_3UTR,mmu-miR-132-5p,FALSE,0
Slc12a9,Not_3UTR,mmu-miR-132-5p,FALSE,0
Cdh7,Not_3UTR,mmu-miR-132-5p,FALSE,0
Cdhr5,Not_3UTR,mmu-miR-132-5p,FALSE,0
4930419G24Rik,Not_3UTR,mmu-miR-132-5p,FALSE,0
Shroom3,Not_3UTR,mmu-miR-132-5p,FALSE,0
Cmya5,Not_3UTR,mmu-miR-132-5p,FALSE,0
Ceacam19,Not_3UTR,mmu-miR-132-5p,FALSE,0
Six1,Not_3UTR,mmu-miR-132-5p,FALSE,0
Ceacam3,Not_3UTR,mmu-miR-132-5p,FALSE,0
Ceacam9,Not_3UTR,mmu-miR-132-5p,FALSE,0
D130043K22Rik,Not_3UTR,mmu-miR-132-5p,FALSE,0
Fam208a,Not_3UTR,mmu-miR-132-5p,FALSE,7
Cela3b,Not_3UTR,mmu-miR-132-5p,FALSE,0
Celf6,Not_3UTR,mmu-miR-132-5p,FALSE,0
Cenpb,Not_3UTR,mmu-miR-132-5p,FALSE,1
Ctsd,Not_3UTR,mmu-miR-132-5p,FALSE,11
Igfn1,Not_3UTR,mmu-miR-132-5p,FALSE,0
Ankrd9,Not_3UTR,mmu-miR-132-5p,FALSE,0
C1d,Not_3UTR,mmu-miR-132-5p,FALSE,0
Fam19a4,Not_3UTR,mmu-miR-132-5p,FALSE,0
Cdx2,Not_3UTR,mmu-miR-132-5p,FALSE,0
Gabrg3,Not_3UTR,mmu-miR-132-5p,FALSE,0
Mrpl38,Not_3UTR,mmu-miR-132-5p,FALSE,5
Cfb,Not_3UTR,mmu-miR-132-5p,FALSE,0
Grip1,Not_3UTR,mmu-miR-132-5p,FALSE,0
Chaf1a,Not_3UTR,mmu-miR-132-5p,FALSE,0
Dhtkd1,Not_3UTR,mmu-miR-132-5p,FALSE,0
Chic2,Not_3UTR,mmu-miR-132-5p,FALSE,1
Chodl,Not_3UTR,mmu-miR-132-5p,FALSE,0
6030443J06Rik,Not_3UTR,mmu-miR-132-5p,FALSE,2
Rab11fip5,Not_3UTR,mmu-miR-132-5p,FALSE,0
Gm12504,Not_3UTR,mmu-miR-132-5p,FALSE,0
Gm10825,Not_3UTR,mmu-miR-132-5p,FALSE,0
Kif18b,Not_3UTR,mmu-miR-132-5p,FALSE,0
Zc3h12b,Not_3UTR,mmu-miR-132-5p,FALSE,0
Pmpcb,Not_3UTR,mmu-miR-132-5p,FALSE,57
Gm5475,Not_3UTR,mmu-miR-132-5p,FALSE,0
Clcnkb,Not_3UTR,mmu-miR-132-5p,FALSE,0
Utp4,Not_3UTR,mmu-miR-132-5p,FALSE,5
Tars,Not_3UTR,mmu-miR-132-5p,FALSE,2
Clec14a,Not_3UTR,mmu-miR-132-5p,FALSE,0
Cntn5,Not_3UTR,mmu-miR-132-5p,FALSE,0
Chdh,Not_3UTR,mmu-miR-132-5p,FALSE,0
Cltc,Not_3UTR,mmu-miR-132-5p,FALSE,21
Rnf26,Not_3UTR,mmu-miR-132-5p,FALSE,0
Mospd3,Not_3UTR,mmu-miR-132-5p,FALSE,17
Pcdha7,Not_3UTR,mmu-miR-132-5p,FALSE,0
Ado,Not_3UTR,mmu-miR-132-5p,FALSE,3
Abca12,Not_3UTR,mmu-miR-132-5p,FALSE,0
Cntnap2,Not_3UTR,mmu-miR-132-5p,FALSE,0
Sdk1,Not_3UTR,mmu-miR-132-5p,FALSE,0
Plekhm2,Not_3UTR,mmu-miR-132-5p,FALSE,0
Alk,Not_3UTR,mmu-miR-132-5p,FALSE,0
Col14a1,Not_3UTR,mmu-miR-132-5p,FALSE,1
Akap5,Not_3UTR,mmu-miR-132-5p,FALSE,0
Kat14,Not_3UTR,mmu-miR-132-5p,FALSE,0
Col15a1,Not_3UTR,mmu-miR-132-5p,FALSE,0
Timm9,Not_3UTR,mmu-miR-132-5p,FALSE,7
Polq,Not_3UTR,mmu-miR-132-5p,FALSE,0
Pllp,Not_3UTR,mmu-miR-132-5p,FALSE,0
4931406H21Rik,Not_3UTR,mmu-miR-132-5p,FALSE,0
Col7a1,Not_3UTR,mmu-miR-132-5p,FALSE,0
Pglyrp3,Not_3UTR,mmu-miR-132-5p,FALSE,0
Mgat3,Not_3UTR,mmu-miR-132-5p,FALSE,0
Xpo4,Not_3UTR,mmu-miR-132-5p,FALSE,0
Catsper3,Not_3UTR,mmu-miR-132-5p,FALSE,0
Cpn2,Not_3UTR,mmu-miR-132-5p,FALSE,0
Lmntd1,Not_3UTR,mmu-miR-132-5p,FALSE,0
Crb1,Not_3UTR,mmu-miR-132-5p,FALSE,0
Crb2,Not_3UTR,mmu-miR-132-5p,FALSE,0
Creb3l3,Not_3UTR,mmu-miR-132-5p,FALSE,0
Csmd1,Not_3UTR,mmu-miR-132-5p,FALSE,0
Cpt1a,Not_3UTR,mmu-miR-132-5p,FALSE,3
Dnmt3b,Not_3UTR,mmu-miR-132-5p,FALSE,0
Brip1,Not_3UTR,mmu-miR-132-5p,FALSE,0
Thap3,Not_3UTR,mmu-miR-132-5p,FALSE,1
Crybg2,Not_3UTR,mmu-miR-132-5p,FALSE,1
Mccc2,Not_3UTR,mmu-miR-132-5p,FALSE,0
Ces2g,Not_3UTR,mmu-miR-132-5p,FALSE,0
Ccdc92b,Not_3UTR,mmu-miR-132-5p,FALSE,0
1700047M11Rik,Not_3UTR,mmu-miR-132-5p,FALSE,0
Ttc41,Not_3UTR,mmu-miR-132-5p,FALSE,0
Dpysl4,Not_3UTR,mmu-miR-132-5p,FALSE,0
Pcdha12,Not_3UTR,mmu-miR-132-5p,FALSE,0
Alox12b,Not_3UTR,mmu-miR-132-5p,FALSE,0
Ostf1,Not_3UTR,mmu-miR-132-5p,FALSE,1
3110035E14Rik,Not_3UTR,mmu-miR-132-5p,FALSE,1
Cyp2b19,Not_3UTR,mmu-miR-132-5p,FALSE,0
Col19a1,Not_3UTR,mmu-miR-132-5p,FALSE,0
Cyp2s1,Not_3UTR,mmu-miR-132-5p,FALSE,0
Cyp46a1,Not_3UTR,mmu-miR-132-5p,FALSE,0
D5Ertd579e,Not_3UTR,mmu-miR-132-5p,FALSE,0
Mepe,Not_3UTR,mmu-miR-132-5p,FALSE,1
Pitpnm2,Not_3UTR,mmu-miR-132-5p,FALSE,0
Dab2ip,Not_3UTR,mmu-miR-132-5p,FALSE,0
Dact1,Not_3UTR,mmu-miR-132-5p,FALSE,0
Lysmd4,Not_3UTR,mmu-miR-132-5p,FALSE,0
Mep1b,Not_3UTR,mmu-miR-132-5p,FALSE,0
Dcaf5,Not_3UTR,mmu-miR-132-5p,FALSE,0
Lrrn2,Not_3UTR,mmu-miR-132-5p,FALSE,0
Foxf2,Not_3UTR,mmu-miR-132-5p,FALSE,0
Dcp2,Not_3UTR,mmu-miR-132-5p,FALSE,0
Dcpp2,Not_3UTR,mmu-miR-132-5p,FALSE,0
Dll1,Not_3UTR,mmu-miR-132-5p,FALSE,0
Abcc1,Not_3UTR,mmu-miR-132-5p,FALSE,0
Ddx39b,Not_3UTR,mmu-miR-132-5p,FALSE,0
Kcnj15,Not_3UTR,mmu-miR-132-5p,FALSE,0
Ces2h,Not_3UTR,mmu-miR-132-5p,FALSE,0
Dennd4b,Not_3UTR,mmu-miR-132-5p,FALSE,0
F8,Not_3UTR,mmu-miR-132-5p,FALSE,0
Nsrp1,Not_3UTR,mmu-miR-132-5p,FALSE,1
Dhh,Not_3UTR,mmu-miR-132-5p,FALSE,0
Kdm3b,Not_3UTR,mmu-miR-132-5p,FALSE,0
Heyl,Not_3UTR,mmu-miR-132-5p,FALSE,0
Abtb2,Not_3UTR,mmu-miR-132-5p,FALSE,0
Cnga2,Not_3UTR,mmu-miR-132-5p,FALSE,0
Cacna1s,Not_3UTR,mmu-miR-132-5p,FALSE,0
Abi3bp,Not_3UTR,mmu-miR-132-5p,FALSE,0
Aar2,Not_3UTR,mmu-miR-132-5p,FALSE,0
Nefm,Not_3UTR,mmu-miR-132-5p,FALSE,0
Dmtf1,Not_3UTR,mmu-miR-132-5p,FALSE,5
Dnah2,Not_3UTR,mmu-miR-132-5p,FALSE,0
Dnah8,Not_3UTR,mmu-miR-132-5p,FALSE,0
Trip11,Not_3UTR,mmu-miR-132-5p,FALSE,0
A730046J19Rik,Not_3UTR,mmu-miR-132-5p,FALSE,0
Dock8,Not_3UTR,mmu-miR-132-5p,FALSE,0
Dok7,Not_3UTR,mmu-miR-132-5p,FALSE,0
Cacna1d,Not_3UTR,mmu-miR-132-5p,FALSE,0
Dscaml1,Not_3UTR,mmu-miR-132-5p,FALSE,0
Dscc1,Not_3UTR,mmu-miR-132-5p,FALSE,0
Dst,Not_3UTR,mmu-miR-132-5p,FALSE,0
Dgki,Not_3UTR,mmu-miR-132-5p,FALSE,0
1700025F22Rik,Not_3UTR,mmu-miR-132-5p,FALSE,0
Cpsf2,Not_3UTR,mmu-miR-132-5p,FALSE,0
Cep350,Not_3UTR,mmu-miR-132-5p,FALSE,0
Prkd1,Not_3UTR,mmu-miR-132-5p,FALSE,0
Aox4,Not_3UTR,mmu-miR-132-5p,FALSE,0
Tmem267,Not_3UTR,mmu-miR-132-5p,FALSE,0
Egr3,Not_3UTR,mmu-miR-132-5p,FALSE,0
Rab39,Not_3UTR,mmu-miR-132-5p,FALSE,0
Prom1,Not_3UTR,mmu-miR-132-5p,FALSE,0
Add3,Not_3UTR,mmu-miR-132-5p,FALSE,24
Mbtps2,Not_3UTR,mmu-miR-132-5p,FALSE,3
Phldb2,Not_3UTR,mmu-miR-132-5p,FALSE,0
Lrrc30,Not_3UTR,mmu-miR-132-5p,FALSE,0
Hand1,Not_3UTR,mmu-miR-132-5p,FALSE,0
Fmo3,Not_3UTR,mmu-miR-132-5p,FALSE,0
Elp6,Not_3UTR,mmu-miR-132-5p,FALSE,3
Emilin2,Not_3UTR,mmu-miR-132-5p,FALSE,0
C030016D13Rik,Not_3UTR,mmu-miR-132-5p,FALSE,0
En1,Not_3UTR,mmu-miR-132-5p,FALSE,0
Enpp7,Not_3UTR,mmu-miR-132-5p,FALSE,0
Ctdspl2,Not_3UTR,mmu-miR-132-5p,FALSE,0
Klk1b24,Not_3UTR,mmu-miR-132-5p,FALSE,0
Twnk,Not_3UTR,mmu-miR-132-5p,FALSE,0
Nav3,Not_3UTR,mmu-miR-132-5p,FALSE,1
Eprs,Not_3UTR,mmu-miR-132-5p,FALSE,0
Hacd4,Not_3UTR,mmu-miR-132-5p,FALSE,0
Erg,Not_3UTR,mmu-miR-132-5p,FALSE,0
Dmrtc1b,Not_3UTR,mmu-miR-132-5p,FALSE,0
Saal1,Not_3UTR,mmu-miR-132-5p,FALSE,0
Evc,Not_3UTR,mmu-miR-132-5p,FALSE,0
Pif1,Not_3UTR,mmu-miR-132-5p,FALSE,0
Exosc8,Not_3UTR,mmu-miR-132-5p,FALSE,6
F13a1,Not_3UTR,mmu-miR-132-5p,FALSE,0
F2r,Not_3UTR,mmu-miR-132-5p,FALSE,0
F2rl1,Not_3UTR,mmu-miR-132-5p,FALSE,0
Fbxl12,Not_3UTR,mmu-miR-132-5p,FALSE,3
F5,Not_3UTR,mmu-miR-132-5p,FALSE,0
Fam83h,Not_3UTR,mmu-miR-132-5p,FALSE,0
Gpr152,Not_3UTR,mmu-miR-132-5p,FALSE,0
Fads3,Not_3UTR,mmu-miR-132-5p,FALSE,0
Fads6,Not_3UTR,mmu-miR-132-5p,FALSE,0
Fam171a1,Not_3UTR,mmu-miR-132-5p,FALSE,0
Fut9,Not_3UTR,mmu-miR-132-5p,FALSE,0
Plscr3,Not_3UTR,mmu-miR-132-5p,FALSE,0
Ryr2,Not_3UTR,mmu-miR-132-5p,FALSE,0
Fam98a,Not_3UTR,mmu-miR-132-5p,FALSE,0
Fat4,Not_3UTR,mmu-miR-132-5p,FALSE,0
Msantd2,Not_3UTR,mmu-miR-132-5p,FALSE,0
Ank3,Not_3UTR,mmu-miR-132-5p,FALSE,0
Gm2518,Not_3UTR,mmu-miR-132-5p,FALSE,1
4930453L07Rik,Not_3UTR,mmu-miR-132-5p,FALSE,0
Aasdh,Not_3UTR,mmu-miR-132-5p,FALSE,0
Fcgbp,Not_3UTR,mmu-miR-132-5p,FALSE,0
Glyctk,Not_3UTR,mmu-miR-132-5p,FALSE,0
Xrcc6,Not_3UTR,mmu-miR-132-5p,FALSE,0
4732491K20Rik,Not_3UTR,mmu-miR-132-5p,FALSE,0
Pvt1,Not_3UTR,mmu-miR-132-5p,FALSE,0
Fgb,Not_3UTR,mmu-miR-132-5p,FALSE,0
Lck,Not_3UTR,mmu-miR-132-5p,FALSE,13
Svs1,Not_3UTR,mmu-miR-132-5p,FALSE,0
Hipk2,Not_3UTR,mmu-miR-132-5p,FALSE,1
Fgfr2,Not_3UTR,mmu-miR-132-5p,FALSE,0
Fgfr3,Not_3UTR,mmu-miR-132-5p,FALSE,0
Mthfd1,Not_3UTR,mmu-miR-132-5p,FALSE,0
Flna,Not_3UTR,mmu-miR-132-5p,FALSE,12
Flnb,Not_3UTR,mmu-miR-132-5p,FALSE,0
Lypd2,Not_3UTR,mmu-miR-132-5p,FALSE,0
Islr2,Not_3UTR,mmu-miR-132-5p,FALSE,0
Fndc4,Not_3UTR,mmu-miR-132-5p,FALSE,0
Fntb,Not_3UTR,mmu-miR-132-5p,FALSE,0
Tmem135,Not_3UTR,mmu-miR-132-5p,FALSE,2
Irak2,Not_3UTR,mmu-miR-132-5p,FALSE,0
Siglec1,Not_3UTR,mmu-miR-132-5p,FALSE,0
Lrrc8e,Not_3UTR,mmu-miR-132-5p,FALSE,0
Frrs1,Not_3UTR,mmu-miR-132-5p,FALSE,0
Cped1,Not_3UTR,mmu-miR-132-5p,FALSE,0
Gprasp2,Not_3UTR,mmu-miR-132-5p,FALSE,0
Kmt2e,Not_3UTR,mmu-miR-132-5p,FALSE,63
Fyb,Not_3UTR,mmu-miR-132-5p,FALSE,0
L3mbtl1,Not_3UTR,mmu-miR-132-5p,FALSE,0
G630071F17Rik,Not_3UTR,mmu-miR-132-5p,FALSE,0
Gabrq,Not_3UTR,mmu-miR-132-5p,FALSE,0
E230013L22Rik,Not_3UTR,mmu-miR-132-5p,FALSE,0
Higd2a,Not_3UTR,mmu-miR-132-5p,FALSE,0
Galnt4,Not_3UTR,mmu-miR-132-5p,FALSE,0
Gapdhs,Not_3UTR,mmu-miR-132-5p,FALSE,0
Myrip,Not_3UTR,mmu-miR-132-5p,FALSE,0
Supt5,Not_3UTR,mmu-miR-132-5p,FALSE,0
Gca,Not_3UTR,mmu-miR-132-5p,FALSE,0
Gcgr,Not_3UTR,mmu-miR-132-5p,FALSE,0
Gdf10,Not_3UTR,mmu-miR-132-5p,FALSE,0
Gdpd5,Not_3UTR,mmu-miR-132-5p,FALSE,0
Mtg2,Not_3UTR,mmu-miR-132-5p,FALSE,0
Olfr503,Not_3UTR,mmu-miR-132-5p,FALSE,0
Gfi1b,Not_3UTR,mmu-miR-132-5p,FALSE,0
Ttn,Not_3UTR,mmu-miR-132-5p,FALSE,0
Ggt5,Not_3UTR,mmu-miR-132-5p,FALSE,0
Ghr,Not_3UTR,mmu-miR-132-5p,FALSE,0
Slc22a12,Not_3UTR,mmu-miR-132-5p,FALSE,0
Gjb4,Not_3UTR,mmu-miR-132-5p,FALSE,0
Glb1,Not_3UTR,mmu-miR-132-5p,FALSE,0
Glb1l3,Not_3UTR,mmu-miR-132-5p,FALSE,0
Gli3,Not_3UTR,mmu-miR-132-5p,FALSE,0
Glis1,Not_3UTR,mmu-miR-132-5p,FALSE,0
Tmprss5,Not_3UTR,mmu-miR-132-5p,FALSE,1
Gls2,Not_3UTR,mmu-miR-132-5p,FALSE,0
Mdh1b,Not_3UTR,mmu-miR-132-5p,FALSE,0
Agpat3,Not_3UTR,mmu-miR-132-5p,FALSE,0
Gm11487,Not_3UTR,mmu-miR-132-5p,FALSE,0
Grip2,Not_3UTR,mmu-miR-132-5p,FALSE,0
Gm12718,Not_3UTR,mmu-miR-132-5p,FALSE,0
Gm13497,Not_3UTR,mmu-miR-132-5p,FALSE,0
Otud7a,Not_3UTR,mmu-miR-132-5p,FALSE,0
Pou4f3,Not_3UTR,mmu-miR-132-5p,FALSE,0
Gm15328,Not_3UTR,mmu-miR-132-5p,FALSE,0
Klk1b27,Not_3UTR,mmu-miR-132-5p,FALSE,0
Gm21379,Not_3UTR,mmu-miR-132-5p,FALSE,0
Hdac7,Not_3UTR,mmu-miR-132-5p,FALSE,0
Zxdc,Not_3UTR,mmu-miR-132-5p,FALSE,0
Tusc3,Not_3UTR,mmu-miR-132-5p,FALSE,0
Mgea5,Not_3UTR,mmu-miR-132-5p,FALSE,9
Gm3086,Not_3UTR,mmu-miR-132-5p,FALSE,1
Axin2,Not_3UTR,mmu-miR-132-5p,FALSE,0
Gm35978,Not_3UTR,mmu-miR-132-5p,FALSE,0
Gm38416,Not_3UTR,mmu-miR-132-5p,FALSE,0
Gm38423,Not_3UTR,mmu-miR-132-5p,FALSE,0
Drd2,Not_3UTR,mmu-miR-132-5p,FALSE,0
Gm428,Not_3UTR,mmu-miR-132-5p,FALSE,0
Liph,Not_3UTR,mmu-miR-132-5p,FALSE,0
Gm5084,Not_3UTR,mmu-miR-132-5p,FALSE,0
Gm5468,Not_3UTR,mmu-miR-132-5p,FALSE,0
Gm5607,Not_3UTR,mmu-miR-132-5p,FALSE,0
Gm609,Not_3UTR,mmu-miR-132-5p,FALSE,0
Lct,Not_3UTR,mmu-miR-132-5p,FALSE,0
Gucy2g,Not_3UTR,mmu-miR-132-5p,FALSE,1
Pak1ip1,Not_3UTR,mmu-miR-132-5p,FALSE,0
Il22ra1,Not_3UTR,mmu-miR-132-5p,FALSE,0
Gm996,Not_3UTR,mmu-miR-132-5p,FALSE,0
Ap5z1,Not_3UTR,mmu-miR-132-5p,FALSE,0
Gmeb1,Not_3UTR,mmu-miR-132-5p,FALSE,0
Gnai2,Not_3UTR,mmu-miR-132-5p,FALSE,1
Gnaz,Not_3UTR,mmu-miR-132-5p,FALSE,0
Gsr,Not_3UTR,mmu-miR-132-5p,FALSE,0
Golgb1,Not_3UTR,mmu-miR-132-5p,FALSE,3
Cyp24a1,Not_3UTR,mmu-miR-132-5p,FALSE,0
Lsm14a,Not_3UTR,mmu-miR-132-5p,FALSE,1
Cdk5r2,Not_3UTR,mmu-miR-132-5p,FALSE,0
Pcdh15,Not_3UTR,mmu-miR-132-5p,FALSE,0
Cdh4,Not_3UTR,mmu-miR-132-5p,FALSE,0
Gpr12,Not_3UTR,mmu-miR-132-5p,FALSE,0
Gpr135,Not_3UTR,mmu-miR-132-5p,FALSE,0
Ncl,Not_3UTR,mmu-miR-132-5p,FALSE,3
Capn10,Not_3UTR,mmu-miR-132-5p,FALSE,0
Gpr156,Not_3UTR,mmu-miR-132-5p,FALSE,0
Gpr83,Not_3UTR,mmu-miR-132-5p,FALSE,0
Gprasp1,Not_3UTR,mmu-miR-132-5p,FALSE,0
Gria3,Not_3UTR,mmu-miR-132-5p,FALSE,0
Grifin,Not_3UTR,mmu-miR-132-5p,FALSE,0
Grin2a,Not_3UTR,mmu-miR-132-5p,FALSE,0
Grin2c,Not_3UTR,mmu-miR-132-5p,FALSE,0
Hrg,Not_3UTR,mmu-miR-132-5p,FALSE,0
C1qtnf3,Not_3UTR,mmu-miR-132-5p,FALSE,0
Spry2,Not_3UTR,mmu-miR-132-5p,FALSE,0
Grrp1,Not_3UTR,mmu-miR-132-5p,FALSE,0
Gse1,Not_3UTR,mmu-miR-132-5p,FALSE,18
Gstt2,Not_3UTR,mmu-miR-132-5p,FALSE,0
Piezo1,Not_3UTR,mmu-miR-132-5p,FALSE,0
Gucy2d,Not_3UTR,mmu-miR-132-5p,FALSE,0
Klhl11,Not_3UTR,mmu-miR-132-5p,FALSE,0
Gulo,Not_3UTR,mmu-miR-132-5p,FALSE,0
Gulp1,Not_3UTR,mmu-miR-132-5p,FALSE,0
Vwa5b1,Not_3UTR,mmu-miR-132-5p,FALSE,0
Panx2,Not_3UTR,mmu-miR-132-5p,FALSE,0
Kcna6,Not_3UTR,mmu-miR-132-5p,FALSE,0
Depdc7,Not_3UTR,mmu-miR-132-5p,FALSE,0
Hapln3,Not_3UTR,mmu-miR-132-5p,FALSE,0
Hapln4,Not_3UTR,mmu-miR-132-5p,FALSE,0
Has1,Not_3UTR,mmu-miR-132-5p,FALSE,0
Hcfc1,Not_3UTR,mmu-miR-132-5p,FALSE,3
Hdac4,Not_3UTR,mmu-miR-132-5p,FALSE,0
Ttc7,Not_3UTR,mmu-miR-132-5p,FALSE,0
Hid1,Not_3UTR,mmu-miR-132-5p,FALSE,0
Hivep3,Not_3UTR,mmu-miR-132-5p,FALSE,5
Hmg20b,Not_3UTR,mmu-miR-132-5p,FALSE,0
Tmem125,Not_3UTR,mmu-miR-132-5p,FALSE,0
Hoxa10,Not_3UTR,mmu-miR-132-5p,FALSE,0
Rhox2c,Not_3UTR,mmu-miR-132-5p,FALSE,0
Ms4a13,Not_3UTR,mmu-miR-132-5p,FALSE,0
4931406P16Rik,Not_3UTR,mmu-miR-132-5p,FALSE,0
Hs6st2,Not_3UTR,mmu-miR-132-5p,FALSE,0
Uggt1,Not_3UTR,mmu-miR-132-5p,FALSE,0
Hspa12a,Not_3UTR,mmu-miR-132-5p,FALSE,0
Kcnk10,Not_3UTR,mmu-miR-132-5p,FALSE,0
Hspg2,Not_3UTR,mmu-miR-132-5p,FALSE,0
Htatip2,Not_3UTR,mmu-miR-132-5p,FALSE,0
Htr2a,Not_3UTR,mmu-miR-132-5p,FALSE,0
Hyal1,Not_3UTR,mmu-miR-132-5p,FALSE,0
Psmb10,Not_3UTR,mmu-miR-132-5p,FALSE,0
C730036E19Rik,Not_3UTR,mmu-miR-132-5p,FALSE,0
Igdcc3,Not_3UTR,mmu-miR-132-5p,FALSE,0
Igdcc4,Not_3UTR,mmu-miR-132-5p,FALSE,0
Fgd6,Not_3UTR,mmu-miR-132-5p,FALSE,0
Mos,Not_3UTR,mmu-miR-132-5p,FALSE,0
Ikbkb,Not_3UTR,mmu-miR-132-5p,FALSE,0
Il18r1,Not_3UTR,mmu-miR-132-5p,FALSE,0
Psg25,Not_3UTR,mmu-miR-132-5p,FALSE,1
F730035M05Rik,Not_3UTR,mmu-miR-132-5p,FALSE,0
Ildr2,Not_3UTR,mmu-miR-132-5p,FALSE,0
Insrr,Not_3UTR,mmu-miR-132-5p,FALSE,0
Ints12,Not_3UTR,mmu-miR-132-5p,FALSE,0
Ints5,Not_3UTR,mmu-miR-132-5p,FALSE,0
Mmp23,Not_3UTR,mmu-miR-132-5p,FALSE,0
Ints9,Not_3UTR,mmu-miR-132-5p,FALSE,7
Dnajc28,Not_3UTR,mmu-miR-132-5p,FALSE,0
Irgq,Not_3UTR,mmu-miR-132-5p,FALSE,0
Irs4,Not_3UTR,mmu-miR-132-5p,FALSE,0
Mcph1,Not_3UTR,mmu-miR-132-5p,FALSE,0
Irx4,Not_3UTR,mmu-miR-132-5p,FALSE,0
Itgal,Not_3UTR,mmu-miR-132-5p,FALSE,0
Itgam,Not_3UTR,mmu-miR-132-5p,FALSE,0
Itgbl1,Not_3UTR,mmu-miR-132-5p,FALSE,0
Itih5,Not_3UTR,mmu-miR-132-5p,FALSE,0
Itpr1,Not_3UTR,mmu-miR-132-5p,FALSE,0
Itpr2,Not_3UTR,mmu-miR-132-5p,FALSE,1
Pyroxd2,Not_3UTR,mmu-miR-132-5p,FALSE,0
Jak1,Not_3UTR,mmu-miR-132-5p,FALSE,0
Jarid2,Not_3UTR,mmu-miR-132-5p,FALSE,4
Jkamp,Not_3UTR,mmu-miR-132-5p,FALSE,0
Mroh6,Not_3UTR,mmu-miR-132-5p,FALSE,0
Jph3,Not_3UTR,mmu-miR-132-5p,FALSE,0
Kank4,Not_3UTR,mmu-miR-132-5p,FALSE,0
Kars,Not_3UTR,mmu-miR-132-5p,FALSE,0
Kbtbd4,Not_3UTR,mmu-miR-132-5p,FALSE,0
Kcnab3,Not_3UTR,mmu-miR-132-5p,FALSE,0
Kcng3,Not_3UTR,mmu-miR-132-5p,FALSE,0
Sele,Not_3UTR,mmu-miR-132-5p,FALSE,0
Kcnj11,Not_3UTR,mmu-miR-132-5p,FALSE,0
Mag,Not_3UTR,mmu-miR-132-5p,FALSE,0
Dctd,Not_3UTR,mmu-miR-132-5p,FALSE,0
Kctd8,Not_3UTR,mmu-miR-132-5p,FALSE,0
Defb20,Not_3UTR,mmu-miR-132-5p,FALSE,0
Adprh,Not_3UTR,mmu-miR-132-5p,FALSE,0
Kif26a,Not_3UTR,mmu-miR-132-5p,FALSE,1
Kif26b,Not_3UTR,mmu-miR-132-5p,FALSE,0
Mon2,Not_3UTR,mmu-miR-132-5p,FALSE,0
Klhdc7a,Not_3UTR,mmu-miR-132-5p,FALSE,0
Klhl1,Not_3UTR,mmu-miR-132-5p,FALSE,0
Klhl22,Not_3UTR,mmu-miR-132-5p,FALSE,0
Jph4,Not_3UTR,mmu-miR-132-5p,FALSE,0
Aatk,Not_3UTR,mmu-miR-132-5p,FALSE,0
Klk1b5,Not_3UTR,mmu-miR-132-5p,FALSE,0
Krba1,Not_3UTR,mmu-miR-132-5p,FALSE,0
Kri1,Not_3UTR,mmu-miR-132-5p,FALSE,4
Synrg,Not_3UTR,mmu-miR-132-5p,FALSE,0
Kif17,Not_3UTR,mmu-miR-132-5p,FALSE,0
Neurl4,Not_3UTR,mmu-miR-132-5p,FALSE,0
Larp7,Not_3UTR,mmu-miR-132-5p,FALSE,0
Lcp2,Not_3UTR,mmu-miR-132-5p,FALSE,3
Ldhd,Not_3UTR,mmu-miR-132-5p,FALSE,0
Egfem1,Not_3UTR,mmu-miR-132-5p,FALSE,0
Lgi3,Not_3UTR,mmu-miR-132-5p,FALSE,0
Lgmn,Not_3UTR,mmu-miR-132-5p,FALSE,0
Lhfpl5,Not_3UTR,mmu-miR-132-5p,FALSE,0
Slc25a54,Not_3UTR,mmu-miR-132-5p,FALSE,0
Gm9767,Not_3UTR,mmu-miR-132-5p,FALSE,0
Limch1,Not_3UTR,mmu-miR-132-5p,FALSE,0
Lincmd1,Not_3UTR,mmu-miR-132-5p,FALSE,0
Trim71,Not_3UTR,mmu-miR-132-5p,FALSE,0
Lrp2,Not_3UTR,mmu-miR-132-5p,FALSE,0
Lrrc31,Not_3UTR,mmu-miR-132-5p,FALSE,0
Mkln1,Not_3UTR,mmu-miR-132-5p,FALSE,3
Lrrk1,Not_3UTR,mmu-miR-132-5p,FALSE,1
Lyg2,Not_3UTR,mmu-miR-132-5p,FALSE,0
Ulk4,Not_3UTR,mmu-miR-132-5p,FALSE,0
Lyst,Not_3UTR,mmu-miR-132-5p,FALSE,0
Mageb18,Not_3UTR,mmu-miR-132-5p,FALSE,0
Bmp8b,3UTR,mmu-miR-132-5p,FALSE,0
Camsap1,3UTR,mmu-miR-132-5p,FALSE,0
Vezf1,Not_3UTR,mmu-miR-132-5p,FALSE,1
F11,Not_3UTR,mmu-miR-132-5p,FALSE,0
Kctd4,3UTR,mmu-miR-132-5p,FALSE,0
Pced1a,Not_3UTR,mmu-miR-132-5p,FALSE,0
1700037H04Rik,Not_3UTR,mmu-miR-132-5p,FALSE,2
Mb,Not_3UTR,mmu-miR-132-5p,FALSE,0
Mbtd1,Not_3UTR,mmu-miR-132-5p,FALSE,0
Ube2d2b,Not_3UTR,mmu-miR-132-5p,FALSE,0
Tmem88b,Not_3UTR,mmu-miR-132-5p,FALSE,0
Olfr56,Not_3UTR,mmu-miR-132-5p,FALSE,0
Epx,Not_3UTR,mmu-miR-132-5p,FALSE,1
Usp15,3UTR,mmu-miR-132-5p,FALSE,0
Mical3,3UTR,mmu-miR-132-5p,FALSE,0
Mipep,Not_3UTR,mmu-miR-132-5p,FALSE,0
Trpc5os,3UTR,mmu-miR-132-5p,FALSE,0
Olfr473,Not_3UTR,mmu-miR-132-5p,FALSE,0
Mmp9,Not_3UTR,mmu-miR-132-5p,FALSE,0
Alpk1,Not_3UTR,mmu-miR-132-5p,FALSE,0
Cacng5,Not_3UTR,mmu-miR-132-5p,FALSE,0
Rftn1,Not_3UTR,mmu-miR-132-5p,FALSE,0
Mpnd,Not_3UTR,mmu-miR-132-5p,FALSE,0
Nudt4,Not_3UTR,mmu-miR-132-5p,FALSE,0
Mri1,Not_3UTR,mmu-miR-132-5p,FALSE,1
Msi1,Not_3UTR,mmu-miR-132-5p,FALSE,0
Msl2,Not_3UTR,mmu-miR-132-5p,FALSE,21
Swsap1,3UTR,mmu-miR-132-5p,FALSE,3
Fam83f,Not_3UTR,mmu-miR-132-5p,FALSE,0
Tas2r138,Not_3UTR,mmu-miR-132-5p,FALSE,0
Mthfs,Not_3UTR,mmu-miR-132-5p,FALSE,0
Muc1,Not_3UTR,mmu-miR-132-5p,FALSE,0
Rian,Not_3UTR,mmu-miR-132-5p,FALSE,0
Mycbpap,Not_3UTR,mmu-miR-132-5p,FALSE,0
Myh1,Not_3UTR,mmu-miR-132-5p,FALSE,0
Myh9,3UTR,mmu-miR-132-5p,FALSE,78
Mylpf,Not_3UTR,mmu-miR-132-5p,FALSE,0
Myo18a,Not_3UTR,mmu-miR-132-5p,FALSE,3
Myo19,Not_3UTR,mmu-miR-132-5p,FALSE,0
Myo7a,Not_3UTR,mmu-miR-132-5p,FALSE,0
Myom1,Not_3UTR,mmu-miR-132-5p,FALSE,0
Myom3,Not_3UTR,mmu-miR-132-5p,FALSE,0
Myl10,Not_3UTR,mmu-miR-132-5p,FALSE,0
Nadk,3UTR,mmu-miR-132-5p,FALSE,0
Nbea,Not_3UTR,mmu-miR-132-5p,FALSE,0
Nbeal2,Not_3UTR,mmu-miR-132-5p,FALSE,0
Ncoa6,Not_3UTR,mmu-miR-132-5p,FALSE,0
Nmt2,Not_3UTR,mmu-miR-132-5p,FALSE,0
Nedd4l,Not_3UTR,mmu-miR-132-5p,FALSE,0
Nell2,Not_3UTR,mmu-miR-132-5p,FALSE,0
Neu1,Not_3UTR,mmu-miR-132-5p,FALSE,0
Neurl2,Not_3UTR,mmu-miR-132-5p,FALSE,0
Tex14,Not_3UTR,mmu-miR-132-5p,FALSE,0
Nfkbiz,Not_3UTR,mmu-miR-132-5p,FALSE,0
Ralgapa1,Not_3UTR,mmu-miR-132-5p,FALSE,0
Pla2g4d,Not_3UTR,mmu-miR-132-5p,FALSE,0
Zfp711,Not_3UTR,mmu-miR-132-5p,FALSE,0
Nomo1,Not_3UTR,mmu-miR-132-5p,FALSE,0
Mamdc4,Not_3UTR,mmu-miR-132-5p,FALSE,0
Nr1h2,Not_3UTR,mmu-miR-132-5p,FALSE,28
Syncrip,Not_3UTR,mmu-miR-132-5p,FALSE,2
Nr3c2,Not_3UTR,mmu-miR-132-5p,FALSE,0
Nrf1,Not_3UTR,mmu-miR-132-5p,FALSE,0
Spats2,Not_3UTR,mmu-miR-132-5p,FALSE,0
Nrxn2,Not_3UTR,mmu-miR-132-5p,FALSE,0
Nt5c3b,Not_3UTR,mmu-miR-132-5p,FALSE,0
Nt5dc3,Not_3UTR,mmu-miR-132-5p,FALSE,1
Ntan1,Not_3UTR,mmu-miR-132-5p,FALSE,4
Ntn4,Not_3UTR,mmu-miR-132-5p,FALSE,0
Ntng2,Not_3UTR,mmu-miR-132-5p,FALSE,0
Ntsr1,Not_3UTR,mmu-miR-132-5p,FALSE,0
Nyap2,Not_3UTR,mmu-miR-132-5p,FALSE,0
Nynrin,Not_3UTR,mmu-miR-132-5p,FALSE,0
Ranbp3,Not_3UTR,mmu-miR-132-5p,FALSE,0
Oit3,Not_3UTR,mmu-miR-132-5p,FALSE,0
Olfr190,Not_3UTR,mmu-miR-132-5p,FALSE,0
Ppa1,Not_3UTR,mmu-miR-132-5p,FALSE,0
Olfr303,Not_3UTR,mmu-miR-132-5p,FALSE,0
Olfr315,Not_3UTR,mmu-miR-132-5p,FALSE,0
Olfr620,Not_3UTR,mmu-miR-132-5p,FALSE,0
Trim9,Not_3UTR,mmu-miR-132-5p,FALSE,0
Olfr784,Not_3UTR,mmu-miR-132-5p,FALSE,0
Tshz3,Not_3UTR,mmu-miR-132-5p,FALSE,0
Six6,Not_3UTR,mmu-miR-132-5p,FALSE,1
Orai1,Not_3UTR,mmu-miR-132-5p,FALSE,0
Zfand4,Not_3UTR,mmu-miR-132-5p,FALSE,0
Osbpl11,Not_3UTR,mmu-miR-132-5p,FALSE,0
Osbpl2,Not_3UTR,mmu-miR-132-5p,FALSE,0
Sirt1,Not_3UTR,mmu-miR-132-5p,FALSE,0
Pabpc6,Not_3UTR,mmu-miR-132-5p,FALSE,0
Stpg4,Not_3UTR,mmu-miR-132-5p,FALSE,0
Stx6,Not_3UTR,mmu-miR-132-5p,FALSE,0
Parp8,Not_3UTR,mmu-miR-132-5p,FALSE,1
Pax3,Not_3UTR,mmu-miR-132-5p,FALSE,0
Pcdh12,Not_3UTR,mmu-miR-132-5p,FALSE,0
Pcdh17,Not_3UTR,mmu-miR-132-5p,FALSE,0
Pcdhga8,Not_3UTR,mmu-miR-132-5p,FALSE,0
Tas1r2,Not_3UTR,mmu-miR-132-5p,FALSE,0
Pclo,Not_3UTR,mmu-miR-132-5p,FALSE,0
Pcnt,Not_3UTR,mmu-miR-132-5p,FALSE,0
Pcyt1b,3UTR,mmu-miR-132-5p,FALSE,0
Tuba1b,Not_3UTR,mmu-miR-132-5p,FALSE,0
Vax1,Not_3UTR,mmu-miR-132-5p,FALSE,0
Peg12,3UTR,mmu-miR-132-5p,FALSE,0
Plce1,Not_3UTR,mmu-miR-132-5p,FALSE,0
Pet117,Not_3UTR,mmu-miR-132-5p,FALSE,0
Pex11a,Not_3UTR,mmu-miR-132-5p,FALSE,1
Rfx4,Not_3UTR,mmu-miR-132-5p,FALSE,0
Pfkl,Not_3UTR,mmu-miR-132-5p,FALSE,6
Pglyrp4,Not_3UTR,mmu-miR-132-5p,FALSE,0
Phactr4,Not_3UTR,mmu-miR-132-5p,FALSE,0
Ywhaq,Not_3UTR,mmu-miR-132-5p,FALSE,0
Piga,3UTR,mmu-miR-132-5p,FALSE,13
Pigz,Not_3UTR,mmu-miR-132-5p,FALSE,0
Pim3,3UTR,mmu-miR-132-5p,FALSE,14
Pink1,Not_3UTR,mmu-miR-132-5p,FALSE,7
Recql4,Not_3UTR,mmu-miR-132-5p,FALSE,0
Plec,Not_3UTR,mmu-miR-132-5p,FALSE,0
Plekha6,Not_3UTR,mmu-miR-132-5p,FALSE,0
Plekhg2,Not_3UTR,mmu-miR-132-5p,FALSE,1
Slc1a5,Not_3UTR,mmu-miR-132-5p,FALSE,31
Plcl1,Not_3UTR,mmu-miR-132-5p,FALSE,0
Ptprb,Not_3UTR,mmu-miR-132-5p,FALSE,0
Trmt11,Not_3UTR,mmu-miR-132-5p,FALSE,0
Plxnb1,Not_3UTR,mmu-miR-132-5p,FALSE,0
Ros1,Not_3UTR,mmu-miR-132-5p,FALSE,0
Poc1b,Not_3UTR,mmu-miR-132-5p,FALSE,7
Polr1a,Not_3UTR,mmu-miR-132-5p,FALSE,17
Polr2e,Not_3UTR,mmu-miR-132-5p,FALSE,4
Pon1,Not_3UTR,mmu-miR-132-5p,FALSE,0
Tdrd5,Not_3UTR,mmu-miR-132-5p,FALSE,0
Ppfibp2,Not_3UTR,mmu-miR-132-5p,FALSE,0
Olfr827,Not_3UTR,mmu-miR-132-5p,FALSE,0
Ppp1r16b,Not_3UTR,mmu-miR-132-5p,FALSE,1
Ninl,Not_3UTR,mmu-miR-132-5p,FALSE,0
Ppp6r1,Not_3UTR,mmu-miR-132-5p,FALSE,2
Pprc1,Not_3UTR,mmu-miR-132-5p,FALSE,14
Prdm11,Not_3UTR,mmu-miR-132-5p,FALSE,0
Prdm15,Not_3UTR,mmu-miR-132-5p,FALSE,0
Prkacb,Not_3UTR,mmu-miR-132-5p,FALSE,0
Prn,Not_3UTR,mmu-miR-132-5p,FALSE,0
Prnd,Not_3UTR,mmu-miR-132-5p,FALSE,0
Prodh2,Not_3UTR,mmu-miR-132-5p,FALSE,0
Prr5l,Not_3UTR,mmu-miR-132-5p,FALSE,0
Tmem51,Not_3UTR,mmu-miR-132-5p,FALSE,0
Pgam2,Not_3UTR,mmu-miR-132-5p,FALSE,0
Psma5,Not_3UTR,mmu-miR-132-5p,FALSE,1
Ptpn22,Not_3UTR,mmu-miR-132-5p,FALSE,0
Ptprtos,Not_3UTR,mmu-miR-132-5p,FALSE,0
Ptprz1,Not_3UTR,mmu-miR-132-5p,FALSE,0
Pum1,Not_3UTR,mmu-miR-132-5p,FALSE,3
Zfp821,3UTR,mmu-miR-132-5p,FALSE,0
Zscan10,Not_3UTR,mmu-miR-132-5p,FALSE,0
Rasgef1c,Not_3UTR,mmu-miR-132-5p,FALSE,0
Rbfox3,3UTR,mmu-miR-132-5p,FALSE,0
Rbm31y,Not_3UTR,mmu-miR-132-5p,FALSE,0
Rbm4b,Not_3UTR,mmu-miR-132-5p,FALSE,0
Rbp3,Not_3UTR,mmu-miR-132-5p,FALSE,0
Retnlg,Not_3UTR,mmu-miR-132-5p,FALSE,0
Rflna,Not_3UTR,mmu-miR-132-5p,FALSE,0
Rhd,Not_3UTR,mmu-miR-132-5p,FALSE,0
Rhox2a,Not_3UTR,mmu-miR-132-5p,FALSE,0
Rhox2b,Not_3UTR,mmu-miR-132-5p,FALSE,0
Slc9b2,Not_3UTR,mmu-miR-132-5p,FALSE,0
Ric3,Not_3UTR,mmu-miR-132-5p,FALSE,0
Ptprf,Not_3UTR,mmu-miR-132-5p,FALSE,0
Sorcs2,Not_3UTR,mmu-miR-132-5p,FALSE,0
Mrpl51,Not_3UTR,mmu-miR-132-5p,FALSE,2
Rspo2,Not_3UTR,mmu-miR-132-5p,FALSE,0
Rtkn,Not_3UTR,mmu-miR-132-5p,FALSE,0
Per1,Not_3UTR,mmu-miR-132-5p,FALSE,0
Rundc1,Not_3UTR,mmu-miR-132-5p,FALSE,4
Ryr3,Not_3UTR,mmu-miR-132-5p,FALSE,0
Samd9l,Not_3UTR,mmu-miR-132-5p,FALSE,0
Satb1,Not_3UTR,mmu-miR-132-5p,FALSE,65
Sbsn,Not_3UTR,mmu-miR-132-5p,FALSE,0
Scaf4,Not_3UTR,mmu-miR-132-5p,FALSE,0
Ubr4,Not_3UTR,mmu-miR-132-5p,FALSE,13
Scn5a,Not_3UTR,mmu-miR-132-5p,FALSE,0
Sh3yl1,Not_3UTR,mmu-miR-132-5p,FALSE,0
Slc19a2,3UTR,mmu-miR-132-5p,FALSE,8
Scube2,Not_3UTR,mmu-miR-132-5p,FALSE,0
Scube3,Not_3UTR,mmu-miR-132-5p,FALSE,0
Sdk2,Not_3UTR,mmu-miR-132-5p,FALSE,0
Sec61a2,Not_3UTR,mmu-miR-132-5p,FALSE,0
Selenoo,Not_3UTR,mmu-miR-132-5p,FALSE,0
Wac,Not_3UTR,mmu-miR-132-5p,FALSE,0
Sema6d,Not_3UTR,mmu-miR-132-5p,FALSE,0
Serpina1b,Not_3UTR,mmu-miR-132-5p,FALSE,0
Serpina1e,Not_3UTR,mmu-miR-132-5p,FALSE,0
Piwil2,Not_3UTR,mmu-miR-132-5p,FALSE,0
Serpinb6e,Not_3UTR,mmu-miR-132-5p,FALSE,1
Serpine2,Not_3UTR,mmu-miR-132-5p,FALSE,1
Setbp1,Not_3UTR,mmu-miR-132-5p,FALSE,0
Ramp1,Not_3UTR,mmu-miR-132-5p,FALSE,0
Zbtb14,Not_3UTR,mmu-miR-132-5p,FALSE,0
Snrnp25,Not_3UTR,mmu-miR-132-5p,FALSE,0
Pinx1,Not_3UTR,mmu-miR-132-5p,FALSE,0
Mphosph9,3UTR,mmu-miR-132-5p,FALSE,0
Sh3rf1,Not_3UTR,mmu-miR-132-5p,FALSE,1
Slc39a6,Not_3UTR,mmu-miR-132-5p,FALSE,0
Slc1a4,Not_3UTR,mmu-miR-132-5p,FALSE,0
Slc1a7,Not_3UTR,mmu-miR-132-5p,FALSE,0
Slc22a5,Not_3UTR,mmu-miR-132-5p,FALSE,0
Slc25a44,Not_3UTR,mmu-miR-132-5p,FALSE,12
Slc31a1,Not_3UTR,mmu-miR-132-5p,FALSE,0
Slc35d1,Not_3UTR,mmu-miR-132-5p,FALSE,0
Tmem260,3UTR,mmu-miR-132-5p,FALSE,0
Slc7a4,Not_3UTR,mmu-miR-132-5p,FALSE,0
Smarcal1,Not_3UTR,mmu-miR-132-5p,FALSE,0
Zfp668,Not_3UTR,mmu-miR-132-5p,FALSE,0
Sema6b,Not_3UTR,mmu-miR-132-5p,FALSE,0
Spata3,Not_3UTR,mmu-miR-132-5p,FALSE,0
Setd1b,Not_3UTR,mmu-miR-132-5p,FALSE,0
Spen,Not_3UTR,mmu-miR-132-5p,FALSE,5
Sphkap,Not_3UTR,mmu-miR-132-5p,FALSE,0
Spink14,Not_3UTR,mmu-miR-132-5p,FALSE,0
Ptprn2,Not_3UTR,mmu-miR-132-5p,FALSE,0
Spty2d1,Not_3UTR,mmu-miR-132-5p,FALSE,1
Map1a,Not_3UTR,mmu-miR-132-5p,FALSE,0
Srebf1,Not_3UTR,mmu-miR-132-5p,FALSE,1
Ssbp4,Not_3UTR,mmu-miR-132-5p,FALSE,0
Sstr1,Not_3UTR,mmu-miR-132-5p,FALSE,0
Stac3,Not_3UTR,mmu-miR-132-5p,FALSE,0
Stk32b,Not_3UTR,mmu-miR-132-5p,FALSE,0
Zfp316,Not_3UTR,mmu-miR-132-5p,FALSE,0
Suox,Not_3UTR,mmu-miR-132-5p,FALSE,0
Syn2,Not_3UTR,mmu-miR-132-5p,FALSE,0
Syndig1l,Not_3UTR,mmu-miR-132-5p,FALSE,0
Taok3,Not_3UTR,mmu-miR-132-5p,FALSE,0
Tbrg1,Not_3UTR,mmu-miR-132-5p,FALSE,0
Tcf25,Not_3UTR,mmu-miR-132-5p,FALSE,0
Tcta,Not_3UTR,mmu-miR-132-5p,FALSE,0
Tep1,Not_3UTR,mmu-miR-132-5p,FALSE,0
Tescl,Not_3UTR,mmu-miR-132-5p,FALSE,0
Tet2,Not_3UTR,mmu-miR-132-5p,FALSE,0
Tex43,Not_3UTR,mmu-miR-132-5p,FALSE,0
Tgfbr3l,Not_3UTR,mmu-miR-132-5p,FALSE,0
Thbs1,Not_3UTR,mmu-miR-132-5p,FALSE,0
Thrap3,Not_3UTR,mmu-miR-132-5p,FALSE,0
Thsd1,Not_3UTR,mmu-miR-132-5p,FALSE,0
Timeless,Not_3UTR,mmu-miR-132-5p,FALSE,20
Timm10,Not_3UTR,mmu-miR-132-5p,FALSE,4
Olfr645,Not_3UTR,mmu-miR-132-5p,FALSE,0
Tlr8,Not_3UTR,mmu-miR-132-5p,FALSE,0
Tm7sf3,Not_3UTR,mmu-miR-132-5p,FALSE,0
Ulk2,Not_3UTR,mmu-miR-132-5p,FALSE,0
Tmem178,Not_3UTR,mmu-miR-132-5p,FALSE,0
Tmppe,Not_3UTR,mmu-miR-132-5p,FALSE,0
Tmprss9,Not_3UTR,mmu-miR-132-5p,FALSE,0
Pkdrej,Not_3UTR,mmu-miR-132-5p,FALSE,0
Trem2,Not_3UTR,mmu-miR-132-5p,FALSE,1
Trim8,Not_3UTR,mmu-miR-132-5p,FALSE,2
Myo1d,Not_3UTR,mmu-miR-132-5p,FALSE,0
Trit1,Not_3UTR,mmu-miR-132-5p,FALSE,0
Tsg101,Not_3UTR,mmu-miR-132-5p,FALSE,0
Pcgf2,Not_3UTR,mmu-miR-132-5p,FALSE,0
Ttbk1,Not_3UTR,mmu-miR-132-5p,FALSE,0
Ttf2,Not_3UTR,mmu-miR-132-5p,FALSE,0
Zswim6,Not_3UTR,mmu-miR-132-5p,FALSE,0
Tubb3,Not_3UTR,mmu-miR-132-5p,FALSE,0
Tubgcp2,Not_3UTR,mmu-miR-132-5p,FALSE,0
Tubgcp6,Not_3UTR,mmu-miR-132-5p,FALSE,0
Ube2k,Not_3UTR,mmu-miR-132-5p,FALSE,0
Ulk3,Not_3UTR,mmu-miR-132-5p,FALSE,0
Urb2,Not_3UTR,mmu-miR-132-5p,FALSE,10
Urgcp,Not_3UTR,mmu-miR-132-5p,FALSE,0
Ush1c,Not_3UTR,mmu-miR-132-5p,FALSE,0
Smpd1,Not_3UTR,mmu-miR-132-5p,FALSE,1
Vmn2r7,Not_3UTR,mmu-miR-132-5p,FALSE,0
Vsir,Not_3UTR,mmu-miR-132-5p,FALSE,1
Olfr1178,Not_3UTR,mmu-miR-132-5p,FALSE,0
Wasf3,Not_3UTR,mmu-miR-132-5p,FALSE,0
Wdfy3,Not_3UTR,mmu-miR-132-5p,FALSE,0
Wdsub1,Not_3UTR,mmu-miR-132-5p,FALSE,13
Wfikkn2,Not_3UTR,mmu-miR-132-5p,FALSE,0
Slc25a32,Not_3UTR,mmu-miR-132-5p,FALSE,0
Wnt7b,Not_3UTR,mmu-miR-132-5p,FALSE,0
Zfp454,Not_3UTR,mmu-miR-132-5p,FALSE,0
Xpo7,Not_3UTR,mmu-miR-132-5p,FALSE,0
Zbed4,Not_3UTR,mmu-miR-132-5p,FALSE,0
Trpm4,Not_3UTR,mmu-miR-132-5p,FALSE,0
Psg16,Not_3UTR,mmu-miR-132-5p,FALSE,0
Zc2hc1a,Not_3UTR,mmu-miR-132-5p,FALSE,0
Zfp112,Not_3UTR,mmu-miR-132-5p,FALSE,0
Zfp26,Not_3UTR,mmu-miR-132-5p,FALSE,0
Zfp326,Not_3UTR,mmu-miR-132-5p,FALSE,8
Zfp579,Not_3UTR,mmu-miR-132-5p,FALSE,0
Zfp592,Not_3UTR,mmu-miR-132-5p,FALSE,6
Syne3,Not_3UTR,mmu-miR-132-5p,FALSE,0
Zfp804a,Not_3UTR,mmu-miR-132-5p,FALSE,0
Zfp831,Not_3UTR,mmu-miR-132-5p,FALSE,0
Zfp85os,Not_3UTR,mmu-miR-132-5p,FALSE,0
Zfp92,Not_3UTR,mmu-miR-132-5p,FALSE,0
Zfp995,Not_3UTR,mmu-miR-132-5p,FALSE,0
Zmiz1,Not_3UTR,mmu-miR-132-5p,FALSE,0
Zyg11b,3UTR,mmu-miR-132-5p,FALSE,2
Klhdc7b,Not_3UTR,mmu-miR-132-5p,FALSE,0
Sgcg,Not_3UTR,mmu-miR-132-5p,FALSE,0
Ppm1b,3UTR,mmu-miR-132-5p,FALSE,0
Zmpste24,3UTR,mmu-miR-132-5p,FALSE,2
Tnrc6a,3UTR,mmu-miR-132-5p,FALSE,38
Zic2,3UTR,mmu-miR-132-5p,FALSE,0
Olfr314,Not_3UTR,mmu-miR-132-5p,FALSE,0
Ogg1,Not_3UTR,mmu-miR-132-5p,FALSE,0
Hspa12b,Not_3UTR,mmu-miR-132-5p,FALSE,0
Bpifb6,Not_3UTR,mmu-miR-132-5p,FALSE,0
Ptafr,3UTR,mmu-miR-132-5p,FALSE,0
Chst2,3UTR,mmu-miR-132-5p,FALSE,0
Zfp60,3UTR,mmu-miR-132-5p,FALSE,0
Det1,Not_3UTR,mmu-miR-132-5p,FALSE,0
Minpp1,3UTR,mmu-miR-132-5p,FALSE,1
Gpr119,Not_3UTR,mmu-miR-132-5p,FALSE,1
Lrfn5,Not_3UTR,mmu-miR-132-5p,FALSE,0
Zfp384,3UTR,mmu-miR-132-5p,FALSE,5
Zfp280d,3UTR,mmu-miR-132-5p,FALSE,1
Zfp207,3UTR,mmu-miR-132-5p,FALSE,0
Zfp292,3UTR,mmu-miR-132-5p,FALSE,24
Zswim4,Not_3UTR,mmu-miR-132-5p,FALSE,0
Zdhhc13,3UTR,mmu-miR-132-5p,FALSE,0
Paqr3,Not_3UTR,mmu-miR-132-5p,FALSE,0
Ccr7,Not_3UTR,mmu-miR-132-5p,FALSE,22
Hmgxb4,3UTR,mmu-miR-132-5p,FALSE,0
Zcchc17,3UTR,mmu-miR-132-5p,FALSE,0
Fnbp4,Not_3UTR,mmu-miR-132-5p,FALSE,0
Zbtb44,3UTR,mmu-miR-132-5p,FALSE,1
Synj2,3UTR,mmu-miR-132-5p,FALSE,1
Mef2b,Not_3UTR,mmu-miR-132-5p,FALSE,0
Zadh2,3UTR,mmu-miR-132-5p,FALSE,11
Zfp958,Not_3UTR,mmu-miR-132-5p,FALSE,17
Unc50,Not_3UTR,mmu-miR-132-5p,FALSE,0
Got2,3UTR,mmu-miR-132-5p,FALSE,2
Myo7b,Not_3UTR,mmu-miR-132-5p,FALSE,0
Serpina1a,Not_3UTR,mmu-miR-132-5p,FALSE,0
Wipi2,3UTR,mmu-miR-132-5p,FALSE,0
Vwa1,3UTR,mmu-miR-132-5p,FALSE,0
Mylk3,Not_3UTR,mmu-miR-132-5p,FALSE,0
Csf2ra,Not_3UTR,mmu-miR-132-5p,FALSE,0
Shank1,Not_3UTR,mmu-miR-132-5p,FALSE,0
Vps37c,3UTR,mmu-miR-132-5p,FALSE,0
Vps16,3UTR,mmu-miR-132-5p,FALSE,0
Gm10584,Not_3UTR,mmu-miR-132-5p,FALSE,0
Vav2,3UTR,mmu-miR-132-5p,FALSE,0
Otud1,3UTR,mmu-miR-132-5p,FALSE,8
Usp43,3UTR,mmu-miR-132-5p,FALSE,0
Usp22,3UTR,mmu-miR-132-5p,FALSE,16
Myo1f,Not_3UTR,mmu-miR-132-5p,FALSE,0
Rhbdf2,Not_3UTR,mmu-miR-132-5p,FALSE,1
Mpzl1,Not_3UTR,mmu-miR-132-5p,FALSE,0
B230206H07Rik,3UTR,mmu-miR-132-5p,FALSE,0
Ss18l1,Not_3UTR,mmu-miR-132-5p,FALSE,0
Ubr7,3UTR,mmu-miR-132-5p,FALSE,0
Scn2b,Not_3UTR,mmu-miR-132-5p,FALSE,1
Gm15133,Not_3UTR,mmu-miR-132-5p,FALSE,0
Ehd2,Not_3UTR,mmu-miR-132-5p,FALSE,1
Ube2l6,3UTR,mmu-miR-132-5p,FALSE,0
Nxpe3,3UTR,mmu-miR-132-5p,FALSE,15
1700007K13Rik,Not_3UTR,mmu-miR-132-5p,FALSE,0
Igf1r,Not_3UTR,mmu-miR-132-5p,FALSE,0
Ttll5,3UTR,mmu-miR-132-5p,FALSE,0
Ttc13,3UTR,mmu-miR-132-5p,FALSE,0
Slitrk3,Not_3UTR,mmu-miR-132-5p,FALSE,0
Maneal,Not_3UTR,mmu-miR-132-5p,FALSE,0
Fam117a,Not_3UTR,mmu-miR-132-5p,FALSE,0
4933407I05Rik,Not_3UTR,mmu-miR-132-5p,FALSE,0
Nfam1,Not_3UTR,mmu-miR-132-5p,FALSE,0
Zxdb,Not_3UTR,mmu-miR-132-5p,FALSE,0
Zfyve27,3UTR,mmu-miR-132-5p,FALSE,0
Srebf2,3UTR,mmu-miR-132-5p,FALSE,27
Tle2,Not_3UTR,mmu-miR-132-5p,FALSE,0
Trim3,3UTR,mmu-miR-132-5p,FALSE,0
Rhoa,Not_3UTR,mmu-miR-132-5p,FALSE,0
Irs1,3UTR,mmu-miR-132-5p,TRUE,0
Trdn,3UTR,mmu-miR-132-5p,FALSE,0
Pou2f1,Not_3UTR,mmu-miR-132-5p,FALSE,0
Scmh1,Not_3UTR,mmu-miR-132-5p,FALSE,0
Wiz,3UTR,mmu-miR-132-5p,FALSE,14
Tpi1,3UTR,mmu-miR-132-5p,FALSE,41
Nkx2-2,3UTR,mmu-miR-132-5p,FALSE,0
Slc7a7,Not_3UTR,mmu-miR-132-5p,FALSE,0
Tns1,3UTR,mmu-miR-132-5p,FALSE,0
Tnrc6c,3UTR,mmu-miR-132-5p,FALSE,1
Tnrc6b,3UTR,mmu-miR-132-5p,FALSE,29
Pla2g5,3UTR,mmu-miR-132-5p,FALSE,0
Tnfsf11,3UTR,mmu-miR-132-5p,FALSE,0
March11,3UTR,mmu-miR-132-5p,FALSE,0
Tmem132a,Not_3UTR,mmu-miR-132-5p,FALSE,0
Tmprss3,3UTR,mmu-miR-132-5p,FALSE,0
Rnd2,Not_3UTR,mmu-miR-132-5p,FALSE,0
Noc2l,Not_3UTR,mmu-miR-132-5p,FALSE,0
Tmem87b,3UTR,mmu-miR-132-5p,FALSE,9
Tmem72,3UTR,mmu-miR-132-5p,FALSE,0
Trim29,3UTR,mmu-miR-132-5p,FALSE,0
Dnm3,Not_3UTR,mmu-miR-132-5p,FALSE,0
Arf6,Not_3UTR,mmu-miR-132-5p,FALSE,7
Tmem177,Not_3UTR,mmu-miR-132-5p,FALSE,0
Ntmt1,Not_3UTR,mmu-miR-132-5p,FALSE,0
Ppp2r2c,Not_3UTR,mmu-miR-132-5p,FALSE,0
Scara3,3UTR,mmu-miR-132-5p,FALSE,0
Tmem110,3UTR,mmu-miR-132-5p,FALSE,0
Inafm2,Not_3UTR,mmu-miR-132-5p,FALSE,0
Acap2,3UTR,mmu-miR-132-5p,FALSE,6
Zfp747,Not_3UTR,mmu-miR-132-5p,FALSE,0
Opa1,3UTR,mmu-miR-132-5p,FALSE,0
Mien1,3UTR,mmu-miR-132-5p,FALSE,4
Zfp41,3UTR,mmu-miR-132-5p,FALSE,0
Tjp1,3UTR,mmu-miR-132-5p,FALSE,0
Itga5,Not_3UTR,mmu-miR-132-5p,FALSE,0
Col5a2,Not_3UTR,mmu-miR-132-5p,FALSE,0
Rasgrp3,Not_3UTR,mmu-miR-132-5p,FALSE,0
Thtpa,3UTR,mmu-miR-132-5p,FALSE,0
Thsd7a,3UTR,mmu-miR-132-5p,FALSE,0
Med24,Not_3UTR,mmu-miR-132-5p,FALSE,2
Them5,3UTR,mmu-miR-132-5p,FALSE,0
Srxn1,Not_3UTR,mmu-miR-132-5p,FALSE,0
Coq5,Not_3UTR,mmu-miR-132-5p,FALSE,0
Nxf2,Not_3UTR,mmu-miR-132-5p,FALSE,0
Tead3,3UTR,mmu-miR-132-5p,FALSE,0
Tcp11l1,3UTR,mmu-miR-132-5p,FALSE,0
Zxda,3UTR,mmu-miR-132-5p,FALSE,0
Tcerg1l,3UTR,mmu-miR-132-5p,FALSE,0
Rhou,3UTR,mmu-miR-132-5p,FALSE,0
Tbc1d1,3UTR,mmu-miR-132-5p,FALSE,0
Slc39a5,Not_3UTR,mmu-miR-132-5p,FALSE,0
Foxn1,Not_3UTR,mmu-miR-132-5p,FALSE,0
Syt14,3UTR,mmu-miR-132-5p,FALSE,0
Fam171a2,Not_3UTR,mmu-miR-132-5p,FALSE,0
Fzd3,3UTR,mmu-miR-132-5p,FALSE,0
Uqcrfs1,Not_3UTR,mmu-miR-132-5p,FALSE,0
Susd2,3UTR,mmu-miR-132-5p,FALSE,0
Rhbg,Not_3UTR,mmu-miR-132-5p,FALSE,0
4930525G20Rik,3UTR,mmu-miR-132-5p,FALSE,0
Zmym1,Not_3UTR,mmu-miR-132-5p,FALSE,6
Ric1,Not_3UTR,mmu-miR-132-5p,FALSE,0
Ston1,3UTR,mmu-miR-132-5p,FALSE,0
Ylpm1,3UTR,mmu-miR-132-5p,FALSE,0
Wnt8b,Not_3UTR,mmu-miR-132-5p,FALSE,0
Stk38,3UTR,mmu-miR-132-5p,FALSE,5
Ush2a,Not_3UTR,mmu-miR-132-5p,FALSE,0
5430403N17Rik,3UTR,mmu-miR-132-5p,FALSE,0
Fhod1,Not_3UTR,mmu-miR-132-5p,FALSE,0
Trerf1,Not_3UTR,mmu-miR-132-5p,FALSE,0
St6gal1,3UTR,mmu-miR-132-5p,FALSE,11
Ssxb9,3UTR,mmu-miR-132-5p,FALSE,0
Ssxb2,3UTR,mmu-miR-132-5p,FALSE,0
Pdp1,3UTR,mmu-miR-132-5p,FALSE,0
Ss18l2,3UTR,mmu-miR-132-5p,FALSE,0
Fbxo34,Not_3UTR,mmu-miR-132-5p,FALSE,18
Srrm1,3UTR,mmu-miR-132-5p,FALSE,14
Zmiz2,Not_3UTR,mmu-miR-132-5p,FALSE,1
Lrrtm3,Not_3UTR,mmu-miR-132-5p,FALSE,0
Oxgr1,Not_3UTR,mmu-miR-132-5p,FALSE,0
Spag11b,Not_3UTR,mmu-miR-132-5p,FALSE,0
Spock2,3UTR,mmu-miR-132-5p,FALSE,0
9130011E15Rik,Not_3UTR,mmu-miR-132-5p,FALSE,0
Spi1,3UTR,mmu-miR-132-5p,FALSE,0
Bmpr1b,Not_3UTR,mmu-miR-132-5p,FALSE,0
Krt2,Not_3UTR,mmu-miR-132-5p,FALSE,0
Ttll8,Not_3UTR,mmu-miR-132-5p,FALSE,0
Tshz1,Not_3UTR,mmu-miR-132-5p,FALSE,0
Larp1,Not_3UTR,mmu-miR-132-5p,FALSE,19
Zmynd11,Not_3UTR,mmu-miR-132-5p,FALSE,0
Zfp764,Not_3UTR,mmu-miR-132-5p,FALSE,0
Snrk,3UTR,mmu-miR-132-5p,FALSE,3
Lrrc4b,Not_3UTR,mmu-miR-132-5p,FALSE,0
Emilin1,Not_3UTR,mmu-miR-132-5p,FALSE,0
Ntsr2,Not_3UTR,mmu-miR-132-5p,FALSE,0
Smpx,3UTR,mmu-miR-132-5p,FALSE,0
Smpd4,3UTR,mmu-miR-132-5p,FALSE,0
Smox,3UTR,mmu-miR-132-5p,FALSE,0
8430422H06Rik,Not_3UTR,mmu-miR-132-5p,FALSE,0
Smim14,3UTR,mmu-miR-132-5p,FALSE,0
Wdr20rt,Not_3UTR,mmu-miR-132-5p,FALSE,0
Zfp12,3UTR,mmu-miR-132-5p,FALSE,0
Rapsn,Not_3UTR,mmu-miR-132-5p,FALSE,0
Adamts3,Not_3UTR,mmu-miR-132-5p,FALSE,0
Tlr11,Not_3UTR,mmu-miR-132-5p,FALSE,0
Pfn1,Not_3UTR,mmu-miR-132-5p,FALSE,43
Olfr1247,Not_3UTR,mmu-miR-132-5p,FALSE,1
Olfr1006,Not_3UTR,mmu-miR-132-5p,FALSE,0
Slco4c1,3UTR,mmu-miR-132-5p,FALSE,1
Slco2b1,3UTR,mmu-miR-132-5p,FALSE,0
Iqsec3,3UTR,mmu-miR-132-5p,FALSE,0
Slc9a1,3UTR,mmu-miR-132-5p,FALSE,0
Tubb6,Not_3UTR,mmu-miR-132-5p,FALSE,0
Slc7a11,3UTR,mmu-miR-132-5p,FALSE,0
Ywhab,Not_3UTR,mmu-miR-132-5p,FALSE,9
Slc4a5,3UTR,mmu-miR-132-5p,FALSE,0
Slc37a3,3UTR,mmu-miR-132-5p,FALSE,17
Rps27,3UTR,mmu-miR-132-5p,FALSE,9
Slc30a7,3UTR,mmu-miR-132-5p,FALSE,5
Slc30a2,3UTR,mmu-miR-132-5p,FALSE,0
Pde7b,Not_3UTR,mmu-miR-132-5p,FALSE,0
Slc27a1,3UTR,mmu-miR-132-5p,FALSE,0
Iqgap2,Not_3UTR,mmu-miR-132-5p,FALSE,0
Hsdl1,3UTR,mmu-miR-132-5p,FALSE,0
Slc25a48,3UTR,mmu-miR-132-5p,FALSE,0
Acmsd,3UTR,mmu-miR-132-5p,FALSE,0
Myo1c,Not_3UTR,mmu-miR-132-5p,FALSE,0
Gm5431,3UTR,mmu-miR-132-5p,FALSE,0
Slc22a15,3UTR,mmu-miR-132-5p,FALSE,0
Tmem140,Not_3UTR,mmu-miR-132-5p,FALSE,1
Abhd11,Not_3UTR,mmu-miR-132-5p,FALSE,0
Nmnat3,Not_3UTR,mmu-miR-132-5p,FALSE,0
Slc13a5,3UTR,mmu-miR-132-5p,FALSE,0
Rims1,Not_3UTR,mmu-miR-132-5p,FALSE,0
Gm11237,Not_3UTR,mmu-miR-132-5p,FALSE,0
Wipi1,Not_3UTR,mmu-miR-132-5p,FALSE,0
Siae,3UTR,mmu-miR-132-5p,FALSE,7
Shtn1,3UTR,mmu-miR-132-5p,FALSE,0
Shroom1,3UTR,mmu-miR-132-5p,FALSE,0
Map3k20,3UTR,mmu-miR-132-5p,FALSE,0
Sgsh,3UTR,mmu-miR-132-5p,FALSE,0
Pbxip1,3UTR,mmu-miR-132-5p,FALSE,3
Otc,Not_3UTR,mmu-miR-132-5p,FALSE,0
Setdb2,3UTR,mmu-miR-132-5p,FALSE,0
Ncor2,Not_3UTR,mmu-miR-132-5p,FALSE,0
Tnxb,Not_3UTR,mmu-miR-132-5p,FALSE,0
Serpina10,3UTR,mmu-miR-132-5p,FALSE,0
Serinc5,3UTR,mmu-miR-132-5p,FALSE,0
Tuba1c,Not_3UTR,mmu-miR-132-5p,FALSE,0
Psd4,Not_3UTR,mmu-miR-132-5p,FALSE,0
Abhd15,Not_3UTR,mmu-miR-132-5p,FALSE,0
Smtn,Not_3UTR,mmu-miR-132-5p,FALSE,0
Emilin3,Not_3UTR,mmu-miR-132-5p,FALSE,0
Sema4b,3UTR,mmu-miR-132-5p,FALSE,13
Selenon,3UTR,mmu-miR-132-5p,FALSE,0
Zfp628,Not_3UTR,mmu-miR-132-5p,FALSE,0
Sectm1b,3UTR,mmu-miR-132-5p,FALSE,0
Utp20,Not_3UTR,mmu-miR-132-5p,FALSE,1
Vmn2r87,Not_3UTR,mmu-miR-132-5p,FALSE,0
Sdhaf2,3UTR,mmu-miR-132-5p,FALSE,0
Pdgfra,Not_3UTR,mmu-miR-132-5p,FALSE,0
Sdad1,3UTR,mmu-miR-132-5p,FALSE,1
Arfgef3,Not_3UTR,mmu-miR-132-5p,FALSE,0
Dag1,Not_3UTR,mmu-miR-132-5p,FALSE,2
Xylt2,Not_3UTR,mmu-miR-132-5p,FALSE,0
Scarna13,3UTR,mmu-miR-132-5p,FALSE,0
Sbk1,3UTR,mmu-miR-132-5p,FALSE,2
Samhd1,3UTR,mmu-miR-132-5p,FALSE,3
Zc3h12d,3UTR,mmu-miR-132-5p,FALSE,22
Rbm42,Not_3UTR,mmu-miR-132-5p,FALSE,0
Runx2,3UTR,mmu-miR-132-5p,FALSE,0
Trim75,Not_3UTR,mmu-miR-132-5p,FALSE,0
Rtf1,3UTR,mmu-miR-132-5p,FALSE,0
Rab11fip3,Not_3UTR,mmu-miR-132-5p,FALSE,0
Tmem64,Not_3UTR,mmu-miR-132-5p,FALSE,1
Rrp1b,3UTR,mmu-miR-132-5p,FALSE,0
Zfp518a,Not_3UTR,mmu-miR-132-5p,FALSE,0
Rpusd2,3UTR,mmu-miR-132-5p,FALSE,0
Senp3,3UTR,mmu-miR-132-5p,FALSE,0
Scyl1,Not_3UTR,mmu-miR-132-5p,FALSE,1
Smad9,Not_3UTR,mmu-miR-132-5p,FALSE,0
Mcm9,Not_3UTR,mmu-miR-132-5p,FALSE,0
Serac1,3UTR,mmu-miR-132-5p,FALSE,0
Stk11ip,Not_3UTR,mmu-miR-132-5p,FALSE,0
Bpifb5,Not_3UTR,mmu-miR-132-5p,FALSE,0
Scamp5,Not_3UTR,mmu-miR-132-5p,FALSE,0
Lrrc49,Not_3UTR,mmu-miR-132-5p,FALSE,0
Abr,Not_3UTR,mmu-miR-132-5p,FALSE,0
Rfx7,Not_3UTR,mmu-miR-132-5p,FALSE,0
Bmp8a,Not_3UTR,mmu-miR-132-5p,FALSE,0
Rnf145,3UTR,mmu-miR-132-5p,FALSE,8
Atp8b1,Not_3UTR,mmu-miR-132-5p,FALSE,0
Rnf126,3UTR,mmu-miR-132-5p,FALSE,0
Rita1,3UTR,mmu-miR-132-5p,FALSE,0
Cdh13,Not_3UTR,mmu-miR-132-5p,FALSE,0
Rin1,3UTR,mmu-miR-132-5p,FALSE,0
Adcy7,Not_3UTR,mmu-miR-132-5p,FALSE,0
Rhoj,3UTR,mmu-miR-132-5p,FALSE,0
Hsbp1l1,3UTR,mmu-miR-132-5p,FALSE,0
Rtp3,3UTR,mmu-miR-132-5p,FALSE,0
Ano6,3UTR,mmu-miR-132-5p,FALSE,8
Retnlb,3UTR,mmu-miR-132-5p,FALSE,0
Ret,3UTR,mmu-miR-132-5p,FALSE,0
Rest,3UTR,mmu-miR-132-5p,FALSE,0
Speg,Not_3UTR,mmu-miR-132-5p,FALSE,0
Reep2,3UTR,mmu-miR-132-5p,FALSE,0
Oasl1,Not_3UTR,mmu-miR-132-5p,FALSE,0
Stat2,3UTR,mmu-miR-132-5p,FALSE,0
Rbm34,3UTR,mmu-miR-132-5p,FALSE,0
1700017B05Rik,Not_3UTR,mmu-miR-132-5p,FALSE,5
Ptgir,Not_3UTR,mmu-miR-132-5p,FALSE,0
Dcaf17,3UTR,mmu-miR-132-5p,FALSE,0
Rassf4,3UTR,mmu-miR-132-5p,FALSE,0
Rassf10,3UTR,mmu-miR-132-5p,FALSE,0
Rasgrp4,3UTR,mmu-miR-132-5p,FALSE,0
Arf2,3UTR,mmu-miR-132-5p,FALSE,0
Ssxb5,3UTR,mmu-miR-132-5p,FALSE,0
Sez6,Not_3UTR,mmu-miR-132-5p,FALSE,0
Ccin,Not_3UTR,mmu-miR-132-5p,FALSE,0
Rarres1,3UTR,mmu-miR-132-5p,FALSE,0
Rapgef6,3UTR,mmu-miR-132-5p,FALSE,0
Rap2a,3UTR,mmu-miR-132-5p,FALSE,3
Siva1,Not_3UTR,mmu-miR-132-5p,FALSE,27
Ccdc93,Not_3UTR,mmu-miR-132-5p,FALSE,0
Ralgapa2,3UTR,mmu-miR-132-5p,FALSE,0
Rad54b,3UTR,mmu-miR-132-5p,FALSE,0
Gabrr1,Not_3UTR,mmu-miR-132-5p,FALSE,0
Shox2,3UTR,mmu-miR-132-5p,FALSE,0
Ezh1,Not_3UTR,mmu-miR-132-5p,FALSE,1
Rac2,3UTR,mmu-miR-132-5p,FALSE,14
Cul9,Not_3UTR,mmu-miR-132-5p,FALSE,0
Rab3d,3UTR,mmu-miR-132-5p,FALSE,0
Rab3c,3UTR,mmu-miR-132-5p,FALSE,0
Rab3b,3UTR,mmu-miR-132-5p,FALSE,0
Rab35,3UTR,mmu-miR-132-5p,FALSE,0
Rab27b,3UTR,mmu-miR-132-5p,FALSE,0
Rab27a,3UTR,mmu-miR-132-5p,FALSE,0
Ubr1,Not_3UTR,mmu-miR-132-5p,FALSE,0
Sept9,Not_3UTR,mmu-miR-132-5p,FALSE,2
Pus7,3UTR,mmu-miR-132-5p,FALSE,0
Ptrh2,3UTR,mmu-miR-132-5p,FALSE,0
Acot5,Not_3UTR,mmu-miR-132-5p,FALSE,0
Ascl1,3UTR,mmu-miR-132-5p,FALSE,0
Npc1,Not_3UTR,mmu-miR-132-5p,FALSE,0
Adhfe1,3UTR,mmu-miR-132-5p,FALSE,0
Rnf130,3UTR,mmu-miR-132-5p,FALSE,30
Clstn3,Not_3UTR,mmu-miR-132-5p,FALSE,0
Timmdc1,Not_3UTR,mmu-miR-132-5p,FALSE,0
Itpr3,Not_3UTR,mmu-miR-132-5p,FALSE,0
Adamts15,Not_3UTR,mmu-miR-132-5p,FALSE,0
Psg18,3UTR,mmu-miR-132-5p,FALSE,0
Tbc1d30,3UTR,mmu-miR-132-5p,FALSE,0
Psd3,3UTR,mmu-miR-132-5p,FALSE,0
Zic4,3UTR,mmu-miR-132-5p,FALSE,0
Homer2,3UTR,mmu-miR-132-5p,FALSE,0
Prss35,3UTR,mmu-miR-132-5p,FALSE,0
Chrna3,3UTR,mmu-miR-132-5p,FALSE,0
Prrx1,3UTR,mmu-miR-132-5p,FALSE,0
D630045J12Rik,3UTR,mmu-miR-132-5p,FALSE,0
Rcor3,3UTR,mmu-miR-132-5p,FALSE,0
Dcaf10,3UTR,mmu-miR-132-5p,FALSE,0
Prpf4,3UTR,mmu-miR-132-5p,FALSE,0
Ascc1,Not_3UTR,mmu-miR-132-5p,FALSE,0
Grhl2,Not_3UTR,mmu-miR-132-5p,FALSE,0
Prkd3,3UTR,mmu-miR-132-5p,FALSE,0
Cnot8,3UTR,mmu-miR-132-5p,FALSE,1
Mesp1,Not_3UTR,mmu-miR-132-5p,FALSE,0
Prdm4,3UTR,mmu-miR-132-5p,FALSE,0
Nutf2,3UTR,mmu-miR-132-5p,FALSE,5
Sox10,Not_3UTR,mmu-miR-132-5p,FALSE,0
Ppp4r1,3UTR,mmu-miR-132-5p,FALSE,1
Ppp1r7,3UTR,mmu-miR-132-5p,FALSE,10
Tsc2,3UTR,mmu-miR-132-5p,FALSE,0
Cyp26a1,Not_3UTR,mmu-miR-132-5p,FALSE,0
Trpm3,3UTR,mmu-miR-132-5p,FALSE,0
Ptpru,Not_3UTR,mmu-miR-132-5p,FALSE,0
Frs3,Not_3UTR,mmu-miR-132-5p,FALSE,0
Fsd2,3UTR,mmu-miR-132-5p,FALSE,0
Nudt16l1,Not_3UTR,mmu-miR-132-5p,FALSE,0
Mllt3,3UTR,mmu-miR-132-5p,FALSE,0
Fam216b,Not_3UTR,mmu-miR-132-5p,FALSE,0
Zbtb42,Not_3UTR,mmu-miR-132-5p,FALSE,0
Pofut1,3UTR,mmu-miR-132-5p,FALSE,2
Plekha7,3UTR,mmu-miR-132-5p,FALSE,0
Muc13,Not_3UTR,mmu-miR-132-5p,FALSE,0
Pmm1,3UTR,mmu-miR-132-5p,FALSE,0
Hlf,3UTR,mmu-miR-132-5p,FALSE,0
Wbscr25,3UTR,mmu-miR-132-5p,FALSE,0
Uts2r,3UTR,mmu-miR-132-5p,FALSE,0
Plxna4,3UTR,mmu-miR-132-5p,FALSE,0
Ntn3,3UTR,mmu-miR-132-5p,FALSE,0
Slc30a9,3UTR,mmu-miR-132-5p,FALSE,0
Lin9,Not_3UTR,mmu-miR-132-5p,FALSE,0
Pld4,3UTR,mmu-miR-132-5p,FALSE,0
Gm9899,3UTR,mmu-miR-132-5p,FALSE,0
Plcxd2,3UTR,mmu-miR-132-5p,FALSE,0
Gpd2,Not_3UTR,mmu-miR-132-5p,FALSE,14
Plcd1,3UTR,mmu-miR-132-5p,FALSE,15
Lpin2,3UTR,mmu-miR-132-5p,FALSE,0
Fam187a,Not_3UTR,mmu-miR-132-5p,FALSE,0
Prokr2,Not_3UTR,mmu-miR-132-5p,FALSE,0
Mfsd4b1,Not_3UTR,mmu-miR-132-5p,FALSE,0
Pknox1,3UTR,mmu-miR-132-5p,FALSE,1
Arhgap42,Not_3UTR,mmu-miR-132-5p,FALSE,0
Gipc1,3UTR,mmu-miR-132-5p,FALSE,0
Ube2z,3UTR,mmu-miR-132-5p,FALSE,5
Atp9a,Not_3UTR,mmu-miR-132-5p,FALSE,0
Adgra3,Not_3UTR,mmu-miR-132-5p,FALSE,0
Rrp12,Not_3UTR,mmu-miR-132-5p,FALSE,0
Phf21a,3UTR,mmu-miR-132-5p,FALSE,1
Olfr311,Not_3UTR,mmu-miR-132-5p,FALSE,0
Rhox2e,Not_3UTR,mmu-miR-132-5p,FALSE,0
Calu,Not_3UTR,mmu-miR-132-5p,FALSE,0
Ptpa,3UTR,mmu-miR-132-5p,FALSE,43
Gm10466,3UTR,mmu-miR-132-5p,FALSE,0
Clcf1,Not_3UTR,mmu-miR-132-5p,FALSE,0
Helb,Not_3UTR,mmu-miR-132-5p,FALSE,0
Pdzd3,3UTR,mmu-miR-132-5p,FALSE,0
Pdzd2,3UTR,mmu-miR-132-5p,FALSE,0
Pdxk-ps,3UTR,mmu-miR-132-5p,FALSE,0
Mettl27,Not_3UTR,mmu-miR-132-5p,FALSE,0
Crispld2,Not_3UTR,mmu-miR-132-5p,FALSE,0
Pdpk1,3UTR,mmu-miR-132-5p,FALSE,0
Pik3r6,3UTR,mmu-miR-132-5p,FALSE,0
Pde10a,3UTR,mmu-miR-132-5p,FALSE,0
Sptbn1,Not_3UTR,mmu-miR-132-5p,FALSE,0
Cfap43,Not_3UTR,mmu-miR-132-5p,FALSE,0
Dnah11,Not_3UTR,mmu-miR-132-5p,FALSE,0
Dmd,Not_3UTR,mmu-miR-132-5p,FALSE,0
Glp1r,Not_3UTR,mmu-miR-132-5p,FALSE,0
Zfp362,Not_3UTR,mmu-miR-132-5p,FALSE,0
Egln3,3UTR,mmu-miR-132-5p,FALSE,24
Papd7,3UTR,mmu-miR-132-5p,FALSE,0
Palm2,3UTR,mmu-miR-132-5p,FALSE,0
Nans,3UTR,mmu-miR-132-5p,FALSE,2
Ap1s1,3UTR,mmu-miR-132-5p,FALSE,0
Zfp64,Not_3UTR,mmu-miR-132-5p,FALSE,0
Abcb7,Not_3UTR,mmu-miR-132-5p,FALSE,0
Hlx,Not_3UTR,mmu-miR-132-5p,FALSE,0
Wdr20,Not_3UTR,mmu-miR-132-5p,FALSE,0
Cntn3,3UTR,mmu-miR-132-5p,FALSE,0
Gm26994,3UTR,mmu-miR-132-5p,FALSE,0
Stxbp5l,3UTR,mmu-miR-132-5p,FALSE,0
B3gnt9,3UTR,mmu-miR-132-5p,FALSE,0
Adpgk,Not_3UTR,mmu-miR-132-5p,FALSE,0
1700066M21Rik,Not_3UTR,mmu-miR-132-5p,FALSE,0
Gm19897,3UTR,mmu-miR-132-5p,FALSE,0
Olfr801,Not_3UTR,mmu-miR-132-5p,FALSE,0
Tmem102,Not_3UTR,mmu-miR-132-5p,FALSE,0
Pom121,Not_3UTR,mmu-miR-132-5p,FALSE,33
Blnk,3UTR,mmu-miR-132-5p,FALSE,0
Ogfrl1,3UTR,mmu-miR-132-5p,FALSE,0
Ogfod1,3UTR,mmu-miR-132-5p,FALSE,0
Peg3,Not_3UTR,mmu-miR-132-5p,FALSE,1
Pdzrn4,3UTR,mmu-miR-132-5p,FALSE,0
Tas1r3,Not_3UTR,mmu-miR-132-5p,FALSE,1
Nxn,3UTR,mmu-miR-132-5p,FALSE,0
Nwd2,3UTR,mmu-miR-132-5p,FALSE,1
Nhsl2,Not_3UTR,mmu-miR-132-5p,FALSE,0
Ccdc124,Not_3UTR,mmu-miR-132-5p,FALSE,0
2700054A10Rik,3UTR,mmu-miR-132-5p,FALSE,0
Lrrc4,Not_3UTR,mmu-miR-132-5p,FALSE,0
Sigmar1,Not_3UTR,mmu-miR-132-5p,FALSE,0
Slc15a4,Not_3UTR,mmu-miR-132-5p,FALSE,0
Slc36a2,3UTR,mmu-miR-132-5p,FALSE,0
Atp2b4,Not_3UTR,mmu-miR-132-5p,FALSE,1
A330070K13Rik,Not_3UTR,mmu-miR-132-5p,FALSE,0
Mobp,3UTR,mmu-miR-132-5p,FALSE,0
Mpp2,Not_3UTR,mmu-miR-132-5p,FALSE,1
Nr1h4,3UTR,mmu-miR-132-5p,FALSE,0
Nptx1,3UTR,mmu-miR-132-5p,FALSE,0
Npsr1,3UTR,mmu-miR-132-5p,FALSE,0
Npnt,3UTR,mmu-miR-132-5p,FALSE,0
Nphs1os,3UTR,mmu-miR-132-5p,FALSE,0
Wdr61,Not_3UTR,mmu-miR-132-5p,FALSE,0
Ryr1,Not_3UTR,mmu-miR-132-5p,FALSE,0
Gm2447,Not_3UTR,mmu-miR-132-5p,FALSE,0
Nol7,3UTR,mmu-miR-132-5p,FALSE,2
Gm3893,Not_3UTR,mmu-miR-132-5p,FALSE,0
Ms4a2,3UTR,mmu-miR-132-5p,FALSE,0
Pkig,3UTR,mmu-miR-132-5p,FALSE,0
Nfasc,Not_3UTR,mmu-miR-132-5p,FALSE,0
Cfap74,Not_3UTR,mmu-miR-132-5p,FALSE,0
Bcl10,3UTR,mmu-miR-132-5p,FALSE,0
Neurod6,3UTR,mmu-miR-132-5p,FALSE,0
Pip5k1c,3UTR,mmu-miR-132-5p,FALSE,8
Lvrn,Not_3UTR,mmu-miR-132-5p,FALSE,0
Neat1,3UTR,mmu-miR-132-5p,FALSE,57
Rnf225,3UTR,mmu-miR-132-5p,FALSE,0
Sptlc1,Not_3UTR,mmu-miR-132-5p,FALSE,1
Higd1a,3UTR,mmu-miR-132-5p,FALSE,0
Ncbp2,3UTR,mmu-miR-132-5p,FALSE,1
Ncaph,3UTR,mmu-miR-132-5p,FALSE,0
Grik3,3UTR,mmu-miR-132-5p,FALSE,0
Taf6,Not_3UTR,mmu-miR-132-5p,FALSE,1
Gm10653,3UTR,mmu-miR-132-5p,FALSE,0
Tmem192,Not_3UTR,mmu-miR-132-5p,FALSE,12
Midn,3UTR,mmu-miR-132-5p,FALSE,14
Col4a2,Not_3UTR,mmu-miR-132-5p,FALSE,0
Mynn,3UTR,mmu-miR-132-5p,FALSE,0
Usp12,3UTR,mmu-miR-132-5p,FALSE,0
Mylk,3UTR,mmu-miR-132-5p,FALSE,0
Fam205a1,Not_3UTR,mmu-miR-132-5p,FALSE,0
Muc15,3UTR,mmu-miR-132-5p,FALSE,0
Mtus2,3UTR,mmu-miR-132-5p,FALSE,0
Zfp68,3UTR,mmu-miR-132-5p,FALSE,0
Snx7,3UTR,mmu-miR-132-5p,FALSE,0
Bicd1,3UTR,mmu-miR-132-5p,FALSE,1
Mtfp1,3UTR,mmu-miR-132-5p,FALSE,0
Mstn,3UTR,mmu-miR-132-5p,FALSE,0
Pax6,3UTR,mmu-miR-132-5p,FALSE,0
Atp10d,Not_3UTR,mmu-miR-132-5p,FALSE,0
Ccr6,Not_3UTR,mmu-miR-132-5p,FALSE,0
Clstn2,Not_3UTR,mmu-miR-132-5p,FALSE,0
Wee1,Not_3UTR,mmu-miR-132-5p,FALSE,0
Hat1,Not_3UTR,mmu-miR-132-5p,FALSE,1
Tcf19,Not_3UTR,mmu-miR-132-5p,FALSE,0
Clec9a,3UTR,mmu-miR-132-5p,FALSE,1
Lad1,Not_3UTR,mmu-miR-132-5p,FALSE,0
Pitpnc1,Not_3UTR,mmu-miR-132-5p,FALSE,0
Mpl,3UTR,mmu-miR-132-5p,FALSE,0
St3gal2,Not_3UTR,mmu-miR-132-5p,FALSE,0
Gatsl2,3UTR,mmu-miR-132-5p,FALSE,0
Mocs1,3UTR,mmu-miR-132-5p,FALSE,0
Mob3c,3UTR,mmu-miR-132-5p,FALSE,0
1700099I09Rik,Not_3UTR,mmu-miR-132-5p,FALSE,0
Rnasel,3UTR,mmu-miR-132-5p,FALSE,0
Mmp24,3UTR,mmu-miR-132-5p,FALSE,0
Tln2,3UTR,mmu-miR-132-5p,FALSE,0
Rcan2,3UTR,mmu-miR-132-5p,FALSE,0
Trem3,Not_3UTR,mmu-miR-132-5p,FALSE,0
Map3k9,3UTR,mmu-miR-132-5p,FALSE,0
Rab29,Not_3UTR,mmu-miR-132-5p,FALSE,0
Hoxc5,3UTR,mmu-miR-132-5p,FALSE,0
Efr3b,3UTR,mmu-miR-132-5p,FALSE,0
Gal3st2,Not_3UTR,mmu-miR-132-5p,FALSE,0
Enah,3UTR,mmu-miR-132-5p,FALSE,1
Cbr3,Not_3UTR,mmu-miR-132-5p,FALSE,0
Bhmt,3UTR,mmu-miR-132-5p,FALSE,0
Mfsd7a,3UTR,mmu-miR-132-5p,FALSE,0
Svop,3UTR,mmu-miR-132-5p,FALSE,0
Mettl26,3UTR,mmu-miR-132-5p,FALSE,2
1700121N20Rik,3UTR,mmu-miR-132-5p,FALSE,0
Nav2,Not_3UTR,mmu-miR-132-5p,FALSE,0
Med12l,3UTR,mmu-miR-132-5p,FALSE,0
Ddi2,3UTR,mmu-miR-132-5p,FALSE,0
Lypla1,3UTR,mmu-miR-132-5p,TRUE,0
Myo5c,Not_3UTR,mmu-miR-132-5p,FALSE,0
Mc1r,3UTR,mmu-miR-132-5p,FALSE,0
Mblac2,3UTR,mmu-miR-132-5p,FALSE,0
Otub2,3UTR,mmu-miR-132-5p,FALSE,0
Matn2,3UTR,mmu-miR-132-5p,FALSE,0
Rab11fip4,3UTR,mmu-miR-132-5p,FALSE,0
Mfap2,3UTR,mmu-miR-132-5p,FALSE,0
Gm13090,Not_3UTR,mmu-miR-132-5p,FALSE,0
Vwf,Not_3UTR,mmu-miR-132-5p,FALSE,0
Ppp2r3d,3UTR,mmu-miR-132-5p,FALSE,0
Tmem205,3UTR,mmu-miR-132-5p,FALSE,0
Tfap2d,Not_3UTR,mmu-miR-132-5p,FALSE,0
Efnb2,3UTR,mmu-miR-132-5p,FALSE,0
Map4k3,3UTR,mmu-miR-132-5p,FALSE,0
Olfr746,Not_3UTR,mmu-miR-132-5p,FALSE,0
Gpr17,3UTR,mmu-miR-132-5p,FALSE,0
G630025P09Rik,Not_3UTR,mmu-miR-132-5p,FALSE,0
Srrm4,3UTR,mmu-miR-132-5p,FALSE,0
Xrcc4,Not_3UTR,mmu-miR-132-5p,FALSE,0
Unc119b,3UTR,mmu-miR-132-5p,FALSE,0
Ltf,3UTR,mmu-miR-132-5p,FALSE,0
Madd,3UTR,mmu-miR-132-5p,FALSE,8
Lsamp,3UTR,mmu-miR-132-5p,FALSE,0
Ldlr,Not_3UTR,mmu-miR-132-5p,FALSE,2
Heatr1,Not_3UTR,mmu-miR-132-5p,FALSE,0
Sema6a,3UTR,mmu-miR-132-5p,FALSE,0
Zfp653,Not_3UTR,mmu-miR-132-5p,FALSE,0
Chd4,Not_3UTR,mmu-miR-132-5p,FALSE,12
Nfil3,Not_3UTR,mmu-miR-132-5p,FALSE,0
Lpp,3UTR,mmu-miR-132-5p,FALSE,23
F2rl2,Not_3UTR,mmu-miR-132-5p,FALSE,0
Dct,3UTR,mmu-miR-132-5p,FALSE,0
Lnx2,3UTR,mmu-miR-132-5p,FALSE,3
Ajap1,Not_3UTR,mmu-miR-132-5p,FALSE,0
Elovl4,Not_3UTR,mmu-miR-132-5p,FALSE,0
Usp33,Not_3UTR,mmu-miR-132-5p,FALSE,10
Nsun5,Not_3UTR,mmu-miR-132-5p,FALSE,0
Ciita,Not_3UTR,mmu-miR-132-5p,FALSE,0
Lingo3,3UTR,mmu-miR-132-5p,FALSE,0
Kcnj4,3UTR,mmu-miR-132-5p,FALSE,0
Lhx9,3UTR,mmu-miR-132-5p,FALSE,0
Pdcl3,Not_3UTR,mmu-miR-132-5p,FALSE,0
Dcun1d4,3UTR,mmu-miR-132-5p,FALSE,0
Lbh,3UTR,mmu-miR-132-5p,FALSE,0
Colgalt2,Not_3UTR,mmu-miR-132-5p,FALSE,0
Abl1,Not_3UTR,mmu-miR-132-5p,FALSE,0
Krtap6-1,3UTR,mmu-miR-132-5p,FALSE,0
Pakap,3UTR,mmu-miR-132-5p,FALSE,0
Stag1,Not_3UTR,mmu-miR-132-5p,FALSE,1
Sharpin,Not_3UTR,mmu-miR-132-5p,FALSE,0
Mab21l3,3UTR,mmu-miR-132-5p,FALSE,0
Simc1,Not_3UTR,mmu-miR-132-5p,FALSE,0
Mgll,3UTR,mmu-miR-132-5p,FALSE,0
Klhl31,3UTR,mmu-miR-132-5p,FALSE,0
Pde12,Not_3UTR,mmu-miR-132-5p,FALSE,0
Klf2,3UTR,mmu-miR-132-5p,FALSE,3
Klf13,3UTR,mmu-miR-132-5p,FALSE,1
Mroh1,3UTR,mmu-miR-132-5p,FALSE,0
Klc2,3UTR,mmu-miR-132-5p,FALSE,12
Tmem131,Not_3UTR,mmu-miR-132-5p,FALSE,7
G6pc2,3UTR,mmu-miR-132-5p,FALSE,0
Lonrf2,3UTR,mmu-miR-132-5p,FALSE,0
4930443O20Rik,3UTR,mmu-miR-132-5p,FALSE,1
Zfp532,Not_3UTR,mmu-miR-132-5p,FALSE,0
Kif1b,3UTR,mmu-miR-132-5p,FALSE,0
Pccb,3UTR,mmu-miR-132-5p,FALSE,0
Olfr1375,Not_3UTR,mmu-miR-132-5p,FALSE,0
Gabpb2,3UTR,mmu-miR-132-5p,FALSE,2
Kctd10,3UTR,mmu-miR-132-5p,FALSE,0
Kcnv2,3UTR,mmu-miR-132-5p,FALSE,0
Kcnu1,3UTR,mmu-miR-132-5p,FALSE,0
Apon,3UTR,mmu-miR-132-5p,FALSE,0
Tbl1x,Not_3UTR,mmu-miR-132-5p,FALSE,0
Zfp280b,Not_3UTR,mmu-miR-132-5p,FALSE,23
Kcnn1,3UTR,mmu-miR-132-5p,FALSE,0
Dcaf12l1,Not_3UTR,mmu-miR-132-5p,FALSE,0
Phip,3UTR,mmu-miR-132-5p,FALSE,0
Rhof,Not_3UTR,mmu-miR-132-5p,FALSE,0
Polr2d,3UTR,mmu-miR-132-5p,FALSE,0
Lsg1,Not_3UTR,mmu-miR-132-5p,FALSE,0
Dyrk1b,Not_3UTR,mmu-miR-132-5p,FALSE,0
Kcnip3,3UTR,mmu-miR-132-5p,FALSE,0
4930455J16Rik,3UTR,mmu-miR-132-5p,FALSE,1
Kcnd3,3UTR,mmu-miR-132-5p,FALSE,0
Ankrd50,3UTR,mmu-miR-132-5p,FALSE,0
Tpd52l1,Not_3UTR,mmu-miR-132-5p,FALSE,0
Teddm1a,Not_3UTR,mmu-miR-132-5p,FALSE,0
Kbtbd11,3UTR,mmu-miR-132-5p,FALSE,9
Katnal2,3UTR,mmu-miR-132-5p,FALSE,0
Olfr215,Not_3UTR,mmu-miR-132-5p,FALSE,0
Sec14l3,3UTR,mmu-miR-132-5p,FALSE,0
Tnc,Not_3UTR,mmu-miR-132-5p,FALSE,0
Kank2,3UTR,mmu-miR-132-5p,FALSE,0
Cyp26c1,Not_3UTR,mmu-miR-132-5p,FALSE,0
Jmy,3UTR,mmu-miR-132-5p,FALSE,0
B4galt6,3UTR,mmu-miR-132-5p,FALSE,0
Arpp21,3UTR,mmu-miR-132-5p,FALSE,0
Stt3b,3UTR,mmu-miR-132-5p,FALSE,16
Sel1l3,Not_3UTR,mmu-miR-132-5p,FALSE,0
Sipa1l3,Not_3UTR,mmu-miR-132-5p,FALSE,2
Als2cl,Not_3UTR,mmu-miR-132-5p,FALSE,0
Sema4d,Not_3UTR,mmu-miR-132-5p,FALSE,11
Itga3,3UTR,mmu-miR-132-5p,FALSE,1
Ubqln2,Not_3UTR,mmu-miR-132-5p,FALSE,0
Six4,Not_3UTR,mmu-miR-132-5p,FALSE,0
Mdga2,3UTR,mmu-miR-132-5p,FALSE,0
Irf8,3UTR,mmu-miR-132-5p,FALSE,6
Il1r1,3UTR,mmu-miR-132-5p,FALSE,0
Gclc,3UTR,mmu-miR-132-5p,FALSE,1
Hacd2,3UTR,mmu-miR-132-5p,FALSE,0
Tmprss2,3UTR,mmu-miR-132-5p,FALSE,0
Iqck,3UTR,mmu-miR-132-5p,FALSE,0
Prkaa2,3UTR,mmu-miR-132-5p,FALSE,2
Cobl,3UTR,mmu-miR-132-5p,FALSE,0
Wdr77,Not_3UTR,mmu-miR-132-5p,FALSE,1
Ints7,3UTR,mmu-miR-132-5p,FALSE,1
Stx16,3UTR,mmu-miR-132-5p,FALSE,0
Serinc2,Not_3UTR,mmu-miR-132-5p,FALSE,0
Tmem246,3UTR,mmu-miR-132-5p,FALSE,0
Vsnl1,3UTR,mmu-miR-132-5p,FALSE,0
Ing5,3UTR,mmu-miR-132-5p,FALSE,6
Paqr8,Not_3UTR,mmu-miR-132-5p,FALSE,2
Notch3,Not_3UTR,mmu-miR-132-5p,FALSE,0
Peak1,Not_3UTR,mmu-miR-132-5p,FALSE,0
Zfp341,3UTR,mmu-miR-132-5p,FALSE,0
Ubxn11,Not_3UTR,mmu-miR-132-5p,FALSE,0
B4gat1,Not_3UTR,mmu-miR-132-5p,FALSE,0
Dock10,Not_3UTR,mmu-miR-132-5p,FALSE,0
Zbed3,Not_3UTR,mmu-miR-132-5p,FALSE,0
2610524H06Rik,3UTR,mmu-miR-132-5p,FALSE,0
Arhgef10,Not_3UTR,mmu-miR-132-5p,FALSE,0
Map6,3UTR,mmu-miR-132-5p,FALSE,0
Igf2bp1,3UTR,mmu-miR-132-5p,FALSE,0
Igf2,3UTR,mmu-miR-132-5p,FALSE,0
Lrrc75b,3UTR,mmu-miR-132-5p,FALSE,0
Tmem132e,Not_3UTR,mmu-miR-132-5p,FALSE,0
Unk,Not_3UTR,mmu-miR-132-5p,FALSE,0
Ankrd28,Not_3UTR,mmu-miR-132-5p,FALSE,7
Mapkapk2,3UTR,mmu-miR-132-5p,FALSE,0
Scnn1a,Not_3UTR,mmu-miR-132-5p,FALSE,0
Syk,Not_3UTR,mmu-miR-132-5p,FALSE,0
Rem2,3UTR,mmu-miR-132-5p,FALSE,0
Ica1l,3UTR,mmu-miR-132-5p,FALSE,0
Trpm8,Not_3UTR,mmu-miR-132-5p,FALSE,0
Gm11238,Not_3UTR,mmu-miR-132-5p,FALSE,0
Fsbp,3UTR,mmu-miR-132-5p,FALSE,0
Rab39b,Not_3UTR,mmu-miR-132-5p,FALSE,0
Ddb1,Not_3UTR,mmu-miR-132-5p,FALSE,0
Adam2,Not_3UTR,mmu-miR-132-5p,FALSE,0
Gm10494,3UTR,mmu-miR-132-5p,FALSE,0
Hs6st1,3UTR,mmu-miR-132-5p,FALSE,0
Nlrc3,Not_3UTR,mmu-miR-132-5p,FALSE,0
Pcdhb1,Not_3UTR,mmu-miR-132-5p,FALSE,0
Baz1b,3UTR,mmu-miR-132-5p,FALSE,4
Hrasls,3UTR,mmu-miR-132-5p,FALSE,0
1700113B09Rik,Not_3UTR,mmu-miR-132-5p,FALSE,0
1700017G19Rik,3UTR,mmu-miR-132-5p,FALSE,0
Spata20,Not_3UTR,mmu-miR-132-5p,FALSE,0
Frat1,3UTR,mmu-miR-132-5p,FALSE,0
Ddx6,3UTR,mmu-miR-132-5p,FALSE,2
Ccdc184,Not_3UTR,mmu-miR-132-5p,FALSE,0
Prnp,Not_3UTR,mmu-miR-132-5p,FALSE,0
Hoxb4,3UTR,mmu-miR-132-5p,FALSE,0
Hnrnpdl,3UTR,mmu-miR-132-5p,FALSE,1
Dda1,3UTR,mmu-miR-132-5p,FALSE,0
Hmga2,3UTR,mmu-miR-132-5p,FALSE,0
Brd4,Not_3UTR,mmu-miR-132-5p,FALSE,6
Hvcn1,3UTR,mmu-miR-132-5p,FALSE,0
Ccar1,Not_3UTR,mmu-miR-132-5p,FALSE,0
Hhatl,3UTR,mmu-miR-132-5p,FALSE,0
Camk2d,Not_3UTR,mmu-miR-132-5p,FALSE,0
Polr3a,Not_3UTR,mmu-miR-132-5p,FALSE,0
Hdac9,3UTR,mmu-miR-132-5p,FALSE,0
Hdac10,3UTR,mmu-miR-132-5p,FALSE,0
Hcn3,3UTR,mmu-miR-132-5p,FALSE,0
Map3k14,3UTR,mmu-miR-132-5p,FALSE,6
Hrh1,3UTR,mmu-miR-132-5p,FALSE,0
Pfdn5,Not_3UTR,mmu-miR-132-5p,FALSE,0
Gprc5a,3UTR,mmu-miR-132-5p,FALSE,0
Lcn5,3UTR,mmu-miR-132-5p,FALSE,0
Rarb,3UTR,mmu-miR-132-5p,FALSE,0
Alg12,Not_3UTR,mmu-miR-132-5p,FALSE,0
H2-T10,3UTR,mmu-miR-132-5p,FALSE,0
C330024C12Rik,3UTR,mmu-miR-132-5p,FALSE,0
Adgrg2,Not_3UTR,mmu-miR-132-5p,FALSE,0
Obscn,Not_3UTR,mmu-miR-132-5p,FALSE,0
Gtf2i,3UTR,mmu-miR-132-5p,FALSE,2
Pcyox1l,Not_3UTR,mmu-miR-132-5p,FALSE,0
Slc22a13,Not_3UTR,mmu-miR-132-5p,FALSE,0
Srrd,3UTR,mmu-miR-132-5p,FALSE,0
Limd2,Not_3UTR,mmu-miR-132-5p,FALSE,31
Mbnl2,3UTR,mmu-miR-132-5p,FALSE,2
Hspbp1,Not_3UTR,mmu-miR-132-5p,FALSE,0
Add1,3UTR,mmu-miR-132-5p,FALSE,0
Doc2b,3UTR,mmu-miR-132-5p,FALSE,0
Grb10,3UTR,mmu-miR-132-5p,FALSE,0
R3hdm2,3UTR,mmu-miR-132-5p,FALSE,0
Thap2,3UTR,mmu-miR-132-5p,FALSE,0
Gprin1,3UTR,mmu-miR-132-5p,FALSE,0
Mmp17,3UTR,mmu-miR-132-5p,FALSE,0
Gm10371,3UTR,mmu-miR-132-5p,FALSE,0
Atg9a,3UTR,mmu-miR-132-5p,FALSE,0
Carmil1,Not_3UTR,mmu-miR-132-5p,FALSE,0
Cdkn1c,3UTR,mmu-miR-132-5p,FALSE,0
Gpr146,3UTR,mmu-miR-132-5p,FALSE,0
Gucy2e,3UTR,mmu-miR-132-5p,FALSE,0
Pip4k2b,3UTR,mmu-miR-132-5p,FALSE,1
Ptpre,3UTR,mmu-miR-132-5p,FALSE,0
Arid4a,Not_3UTR,mmu-miR-132-5p,FALSE,0
Nvl,3UTR,mmu-miR-132-5p,FALSE,1
Golga7,3UTR,mmu-miR-132-5p,FALSE,5
Ncln,3UTR,mmu-miR-132-5p,FALSE,2
Prrc2b,Not_3UTR,mmu-miR-132-5p,FALSE,10
Rbm20,Not_3UTR,mmu-miR-132-5p,FALSE,0
Tgtp2,Not_3UTR,mmu-miR-132-5p,FALSE,0
Khnyn,Not_3UTR,mmu-miR-132-5p,FALSE,4
Gm829,3UTR,mmu-miR-132-5p,FALSE,0
Daam2,3UTR,mmu-miR-132-5p,FALSE,0
Alpk3,Not_3UTR,mmu-miR-132-5p,FALSE,0
Tmem209,Not_3UTR,mmu-miR-132-5p,FALSE,0
Gm6277,3UTR,mmu-miR-132-5p,FALSE,0
Pde4a,3UTR,mmu-miR-132-5p,FALSE,0
Rnf38,Not_3UTR,mmu-miR-132-5p,FALSE,0
Gm5523,3UTR,mmu-miR-132-5p,FALSE,0
Cab39l,3UTR,mmu-miR-132-5p,FALSE,2
Smg7,Not_3UTR,mmu-miR-132-5p,FALSE,2
Polr2c,3UTR,mmu-miR-132-5p,FALSE,0
Dnaja1,Not_3UTR,mmu-miR-132-5p,FALSE,5
Klhl38,Not_3UTR,mmu-miR-132-5p,FALSE,0
Tomm20,3UTR,mmu-miR-132-5p,FALSE,3
Pik3r4,Not_3UTR,mmu-miR-132-5p,FALSE,0
Slc6a3,3UTR,mmu-miR-132-5p,FALSE,0
4933439C10Rik,Not_3UTR,mmu-miR-132-5p,FALSE,0
Rbfox1,Not_3UTR,mmu-miR-132-5p,FALSE,0
Gja10,Not_3UTR,mmu-miR-132-5p,FALSE,0
Defb1,3UTR,mmu-miR-132-5p,FALSE,0
Msi2,Not_3UTR,mmu-miR-132-5p,FALSE,0
Ssh3,Not_3UTR,mmu-miR-132-5p,FALSE,3
Gjb3,Not_3UTR,mmu-miR-132-5p,FALSE,0
Gm19277,3UTR,mmu-miR-132-5p,FALSE,0
Plxdc1,Not_3UTR,mmu-miR-132-5p,FALSE,0
Gm19582,3UTR,mmu-miR-132-5p,FALSE,0
Myot,Not_3UTR,mmu-miR-132-5p,FALSE,0
Gm18409,3UTR,mmu-miR-132-5p,FALSE,0
Msx2,3UTR,mmu-miR-132-5p,FALSE,0
Ppp1r3b,3UTR,mmu-miR-132-5p,FALSE,3
Olfr214,Not_3UTR,mmu-miR-132-5p,FALSE,0
Dmrta1,Not_3UTR,mmu-miR-132-5p,FALSE,0
Gm15506,3UTR,mmu-miR-132-5p,FALSE,0
Gm15350,3UTR,mmu-miR-132-5p,FALSE,0
Syngr1,3UTR,mmu-miR-132-5p,FALSE,0
Gm14015,3UTR,mmu-miR-132-5p,FALSE,0
Ppp1r15b,Not_3UTR,mmu-miR-132-5p,FALSE,1
Ccdc185,Not_3UTR,mmu-miR-132-5p,FALSE,0
Gm11696,3UTR,mmu-miR-132-5p,FALSE,0
She,Not_3UTR,mmu-miR-132-5p,FALSE,0
Tbxa2r,Not_3UTR,mmu-miR-132-5p,FALSE,0
Gm11532,3UTR,mmu-miR-132-5p,FALSE,0
Gm10941,3UTR,mmu-miR-132-5p,FALSE,0
Gm10865,3UTR,mmu-miR-132-5p,FALSE,0
Gm694,3UTR,mmu-miR-132-5p,FALSE,0
Adamts9,3UTR,mmu-miR-132-5p,FALSE,0
LOC100505025,Not_3UTR,mmu-miR-132-5p,FALSE,0
Pard3,Not_3UTR,mmu-miR-132-5p,FALSE,0
Mrpl58,3UTR,mmu-miR-132-5p,FALSE,0
Esp8,Not_3UTR,mmu-miR-132-5p,FALSE,0
Eogt,3UTR,mmu-miR-132-5p,FALSE,1
Mllt1,3UTR,mmu-miR-132-5p,FALSE,0
Glcci1,3UTR,mmu-miR-132-5p,FALSE,1
Gpa33,3UTR,mmu-miR-132-5p,FALSE,0
Tox3,3UTR,mmu-miR-132-5p,FALSE,0
Fcho1,3UTR,mmu-miR-132-5p,FALSE,0
Cfap54,Not_3UTR,mmu-miR-132-5p,FALSE,0
Serpinc1,3UTR,mmu-miR-132-5p,FALSE,0
Tsen54,Not_3UTR,mmu-miR-132-5p,FALSE,0
Gcsam,3UTR,mmu-miR-132-5p,FALSE,0
Gbp4,3UTR,mmu-miR-132-5p,FALSE,16
Gbp3,3UTR,mmu-miR-132-5p,FALSE,4
Iqsec1,Not_3UTR,mmu-miR-132-5p,FALSE,0
Arhgef15,3UTR,mmu-miR-132-5p,FALSE,0
Gapt,3UTR,mmu-miR-132-5p,FALSE,0
Olfr485,Not_3UTR,mmu-miR-132-5p,FALSE,0
Sox8,3UTR,mmu-miR-132-5p,FALSE,0
Galc,3UTR,mmu-miR-132-5p,FALSE,4
Tbc1d17,3UTR,mmu-miR-132-5p,FALSE,0
Gm45935,Not_3UTR,mmu-miR-132-5p,FALSE,0
D630041G03Rik,3UTR,mmu-miR-132-5p,FALSE,0
Abcb9,Not_3UTR,mmu-miR-132-5p,FALSE,0
Mgat4b,3UTR,mmu-miR-132-5p,FALSE,1
Disp1,Not_3UTR,mmu-miR-132-5p,FALSE,0
Slc26a10,3UTR,mmu-miR-132-5p,FALSE,0
Gab1,3UTR,mmu-miR-132-5p,FALSE,0
Cep78,Not_3UTR,mmu-miR-132-5p,FALSE,1
Ftx,3UTR,mmu-miR-132-5p,FALSE,4
Gal3st2b,Not_3UTR,mmu-miR-132-5p,FALSE,0
Fut2,3UTR,mmu-miR-132-5p,FALSE,0
Fut10,3UTR,mmu-miR-132-5p,FALSE,0
Tas2r113,Not_3UTR,mmu-miR-132-5p,FALSE,0
Pycr2,Not_3UTR,mmu-miR-132-5p,FALSE,0
Zfp516,Not_3UTR,mmu-miR-132-5p,FALSE,0
Fuk,3UTR,mmu-miR-132-5p,FALSE,1
Trip12,3UTR,mmu-miR-132-5p,FALSE,0
Prosc,3UTR,mmu-miR-132-5p,FALSE,0
Cd7,Not_3UTR,mmu-miR-132-5p,FALSE,3
Mtcl1,3UTR,mmu-miR-132-5p,FALSE,1
Ptgfrn,3UTR,mmu-miR-132-5p,FALSE,6
Sec11a,Not_3UTR,mmu-miR-132-5p,FALSE,0
Sf3b4,Not_3UTR,mmu-miR-132-5p,FALSE,0
Sox30,Not_3UTR,mmu-miR-132-5p,FALSE,0
BC017158,3UTR,mmu-miR-132-5p,FALSE,0
Xpnpep2,Not_3UTR,mmu-miR-132-5p,FALSE,0
Aoc3,Not_3UTR,mmu-miR-132-5p,FALSE,0
Tbc1d10b,Not_3UTR,mmu-miR-132-5p,FALSE,0
Ghsr,Not_3UTR,mmu-miR-132-5p,FALSE,0
Iqgap3,3UTR,mmu-miR-132-5p,FALSE,3
BC051226,3UTR,mmu-miR-132-5p,FALSE,0
Plekhg1,Not_3UTR,mmu-miR-132-5p,FALSE,0
Gm15880,Not_3UTR,mmu-miR-132-5p,FALSE,0
Foxred2,3UTR,mmu-miR-132-5p,FALSE,0
Fermt1,3UTR,mmu-miR-132-5p,FALSE,0
Lpin1,3UTR,mmu-miR-132-5p,FALSE,0
Slc16a8,Not_3UTR,mmu-miR-132-5p,FALSE,0
Abcg8,Not_3UTR,mmu-miR-132-5p,FALSE,0
Neurl1b,Not_3UTR,mmu-miR-132-5p,FALSE,0
Syde2,Not_3UTR,mmu-miR-132-5p,FALSE,0
Blm,Not_3UTR,mmu-miR-132-5p,FALSE,0
Psd2,Not_3UTR,mmu-miR-132-5p,FALSE,0
Faxc,3UTR,mmu-miR-132-5p,FALSE,0
Far1,3UTR,mmu-miR-132-5p,FALSE,24
Ppm1k,3UTR,mmu-miR-132-5p,FALSE,1
Nphp4,Not_3UTR,mmu-miR-132-5p,FALSE,0
Ppm1e,3UTR,mmu-miR-132-5p,FALSE,0
Adar,Not_3UTR,mmu-miR-132-5p,FALSE,0
Pdxk,Not_3UTR,mmu-miR-132-5p,FALSE,0
Fam84b,3UTR,mmu-miR-132-5p,FALSE,5
Rab6b,Not_3UTR,mmu-miR-132-5p,FALSE,0
Rbm27,3UTR,mmu-miR-132-5p,FALSE,0
Klhl5,Not_3UTR,mmu-miR-132-5p,FALSE,8
Btbd2,Not_3UTR,mmu-miR-132-5p,FALSE,0
Dusp21,Not_3UTR,mmu-miR-132-5p,FALSE,0
Evx1,Not_3UTR,mmu-miR-132-5p,FALSE,0
Tiam2,Not_3UTR,mmu-miR-132-5p,FALSE,1
Car5b,3UTR,mmu-miR-132-5p,FALSE,0
Foxd4,3UTR,mmu-miR-132-5p,FALSE,0
Keap1,Not_3UTR,mmu-miR-132-5p,FALSE,0
Serp2,3UTR,mmu-miR-132-5p,FALSE,0
Fcf1,Not_3UTR,mmu-miR-132-5p,FALSE,20
Adam33,3UTR,mmu-miR-132-5p,FALSE,0
Evl,3UTR,mmu-miR-132-5p,FALSE,12
Plin4,Not_3UTR,mmu-miR-132-5p,FALSE,0
Pradc1,3UTR,mmu-miR-132-5p,FALSE,3
Nid1,Not_3UTR,mmu-miR-132-5p,FALSE,0
Slc22a13b-ps,3UTR,mmu-miR-132-5p,FALSE,0
Npcd,3UTR,mmu-miR-132-5p,FALSE,0
Cdh22,3UTR,mmu-miR-132-5p,FALSE,0
Tmem132b,Not_3UTR,mmu-miR-132-5p,FALSE,0
Cux1,3UTR,mmu-miR-132-5p,FALSE,2
Atg13,3UTR,mmu-miR-132-5p,FALSE,0
Ccnt2,Not_3UTR,mmu-miR-132-5p,FALSE,3
D330050I16Rik,Not_3UTR,mmu-miR-132-5p,FALSE,0
Anapc7,Not_3UTR,mmu-miR-132-5p,FALSE,0
2610507B11Rik,Not_3UTR,mmu-miR-132-5p,FALSE,0
Enpp5,3UTR,mmu-miR-132-5p,FALSE,0
Slain1os,3UTR,mmu-miR-132-5p,FALSE,0
Vmn2r84,Not_3UTR,mmu-miR-132-5p,FALSE,0
Piezo2,Not_3UTR,mmu-miR-132-5p,FALSE,0
Elk4,3UTR,mmu-miR-132-5p,FALSE,20
Gatsl3,Not_3UTR,mmu-miR-132-5p,FALSE,0
Larp6,Not_3UTR,mmu-miR-132-5p,FALSE,0
Gnai3,3UTR,mmu-miR-132-5p,FALSE,6
Fam117b,3UTR,mmu-miR-132-5p,FALSE,2
Susd6,3UTR,mmu-miR-132-5p,FALSE,2
Pabpn1l,Not_3UTR,mmu-miR-132-5p,FALSE,0
Cdip1,3UTR,mmu-miR-132-5p,FALSE,0
Wipf2,3UTR,mmu-miR-132-5p,FALSE,0
Olfr985,Not_3UTR,mmu-miR-132-5p,FALSE,0
Gm11236,Not_3UTR,mmu-miR-132-5p,FALSE,0
Crtc1,3UTR,mmu-miR-132-5p,FALSE,0
Fam168b,Not_3UTR,mmu-miR-132-5p,FALSE,6
Fam118a,3UTR,mmu-miR-132-5p,FALSE,0
Efr3a,3UTR,mmu-miR-132-5p,FALSE,3
Eno3,Not_3UTR,mmu-miR-132-5p,FALSE,1
A430057M04Rik,3UTR,mmu-miR-132-5p,FALSE,0
Dzip3,3UTR,mmu-miR-132-5p,FALSE,5
Cblb,3UTR,mmu-miR-132-5p,FALSE,5
Dyrk1a,3UTR,mmu-miR-132-5p,FALSE,14
Gm6093,3UTR,mmu-miR-132-5p,FALSE,0
Megf8,Not_3UTR,mmu-miR-132-5p,FALSE,0
Ier5l,Not_3UTR,mmu-miR-132-5p,FALSE,0
Dsc1,3UTR,mmu-miR-132-5p,FALSE,0
Arid2,3UTR,mmu-miR-132-5p,FALSE,0
Brd2,3UTR,mmu-miR-132-5p,FALSE,0
Celf2,3UTR,mmu-miR-132-5p,FALSE,16
Slc16a6,3UTR,mmu-miR-132-5p,FALSE,0
Cep97,3UTR,mmu-miR-132-5p,FALSE,11
Acsm2,3UTR,mmu-miR-132-5p,FALSE,0
Tuba1a,Not_3UTR,mmu-miR-132-5p,FALSE,0
Gpr50,Not_3UTR,mmu-miR-132-5p,FALSE,0
Dnmbp,3UTR,mmu-miR-132-5p,FALSE,0
Tctn2,Not_3UTR,mmu-miR-132-5p,FALSE,0
Tnfaip8,3UTR,mmu-miR-132-5p,FALSE,0
Ptch1,Not_3UTR,mmu-miR-132-5p,FALSE,7
Stim1,3UTR,mmu-miR-132-5p,FALSE,1
Dido1,3UTR,mmu-miR-132-5p,FALSE,1
Acot11,3UTR,mmu-miR-132-5p,FALSE,0
Ankrd63,Not_3UTR,mmu-miR-132-5p,FALSE,0
Celsr2,Not_3UTR,mmu-miR-132-5p,FALSE,0
Dhrsx,3UTR,mmu-miR-132-5p,FALSE,0
Dgkz,3UTR,mmu-miR-132-5p,FALSE,5
Aldh1a3,3UTR,mmu-miR-132-5p,FALSE,0
Slc20a2,3UTR,mmu-miR-132-5p,FALSE,0
Depdc1b,3UTR,mmu-miR-132-5p,FALSE,0
Slc4a8,Not_3UTR,mmu-miR-132-5p,FALSE,0
Fnip2,3UTR,mmu-miR-132-5p,FALSE,0
Gm7854,3UTR,mmu-miR-132-5p,FALSE,0
Acp5,Not_3UTR,mmu-miR-132-5p,FALSE,0
Ppp2cb,Not_3UTR,mmu-miR-132-5p,FALSE,2
Pgs1,3UTR,mmu-miR-132-5p,FALSE,1
Prpsap1,Not_3UTR,mmu-miR-132-5p,FALSE,0
Ddx55,Not_3UTR,mmu-miR-132-5p,FALSE,0
Pex16,Not_3UTR,mmu-miR-132-5p,FALSE,0
Jmjd7,Not_3UTR,mmu-miR-132-5p,FALSE,0
Commd4,Not_3UTR,mmu-miR-132-5p,FALSE,0
Pdk4,Not_3UTR,mmu-miR-132-5p,FALSE,0
Urb1,Not_3UTR,mmu-miR-132-5p,FALSE,0
9930104L06Rik,3UTR,mmu-miR-132-5p,FALSE,0
Tgtp1,Not_3UTR,mmu-miR-132-5p,FALSE,0
Pspc1,Not_3UTR,mmu-miR-132-5p,FALSE,0
Epha2,Not_3UTR,mmu-miR-132-5p,FALSE,0
Padi2,3UTR,mmu-miR-132-5p,FALSE,0
Irx2,3UTR,mmu-miR-132-5p,FALSE,1
Ubxn10,3UTR,mmu-miR-132-5p,FALSE,0
Dap3,3UTR,mmu-miR-132-5p,FALSE,1
Dand5,3UTR,mmu-miR-132-5p,FALSE,0
Rps27rt,Not_3UTR,mmu-miR-132-5p,FALSE,9
Daam1,3UTR,mmu-miR-132-5p,FALSE,0
Stab1,Not_3UTR,mmu-miR-132-5p,FALSE,0
Polr2b,Not_3UTR,mmu-miR-132-5p,FALSE,1
Elf2,Not_3UTR,mmu-miR-132-5p,FALSE,6
Lats2,Not_3UTR,mmu-miR-132-5p,FALSE,0
5031434C07Rik,3UTR,mmu-miR-132-5p,FALSE,0
Ctif,3UTR,mmu-miR-132-5p,FALSE,0
Zcchc24,3UTR,mmu-miR-132-5p,FALSE,0
Frmd3,Not_3UTR,mmu-miR-132-5p,FALSE,0
Dnajc16,Not_3UTR,mmu-miR-132-5p,FALSE,0
Ikzf1,Not_3UTR,mmu-miR-132-5p,FALSE,0
Adgrf1,Not_3UTR,mmu-miR-132-5p,FALSE,0
Ccpg1,Not_3UTR,mmu-miR-132-5p,FALSE,0
Kdm6a,Not_3UTR,mmu-miR-132-5p,FALSE,5
Cygb,3UTR,mmu-miR-132-5p,FALSE,0
Spryd7,3UTR,mmu-miR-132-5p,FALSE,0
Kdelr1,Not_3UTR,mmu-miR-132-5p,FALSE,28
Pcmt1,3UTR,mmu-miR-132-5p,TRUE,0
Erfe,Not_3UTR,mmu-miR-132-5p,FALSE,1
Trpv3,Not_3UTR,mmu-miR-132-5p,FALSE,0
Nova2,3UTR,mmu-miR-132-5p,FALSE,0
Mgat5b,Not_3UTR,mmu-miR-132-5p,FALSE,0
Ctxn1,3UTR,mmu-miR-132-5p,FALSE,2
Ciart,Not_3UTR,mmu-miR-132-5p,FALSE,0
Akap2,3UTR,mmu-miR-132-5p,FALSE,0
Gm12992,3UTR,mmu-miR-132-5p,FALSE,0
Gm28042,Not_3UTR,mmu-miR-132-5p,FALSE,0
Gm10635,3UTR,mmu-miR-132-5p,FALSE,0
Slc25a24,Not_3UTR,mmu-miR-132-5p,FALSE,0
Arid5a,3UTR,mmu-miR-132-5p,FALSE,0
Unc13a,Not_3UTR,mmu-miR-132-5p,FALSE,0
Csrnp3,3UTR,mmu-miR-132-5p,FALSE,0
Gpr137b-ps,3UTR,mmu-miR-132-5p,FALSE,0
Cpd,Not_3UTR,mmu-miR-132-5p,FALSE,7
Ptgr1,3UTR,mmu-miR-132-5p,FALSE,0
Dock5,Not_3UTR,mmu-miR-132-5p,FALSE,0
Ankrd45,3UTR,mmu-miR-132-5p,FALSE,0
Ssxb3,3UTR,mmu-miR-132-5p,FALSE,0
2310057M21Rik,Not_3UTR,mmu-miR-132-5p,FALSE,0
Minos1,3UTR,mmu-miR-132-5p,FALSE,0
Szt2,Not_3UTR,mmu-miR-132-5p,FALSE,0
Ppp6r3,Not_3UTR,mmu-miR-132-5p,FALSE,0
Itgb5,Not_3UTR,mmu-miR-132-5p,FALSE,0
Vsx2,3UTR,mmu-miR-132-5p,FALSE,0
Mrpl37,3UTR,mmu-miR-132-5p,FALSE,4
Dusp3,3UTR,mmu-miR-132-5p,FALSE,0
Kirrel,3UTR,mmu-miR-132-5p,FALSE,0
Creg1,3UTR,mmu-miR-132-5p,FALSE,0
Adamts6,3UTR,mmu-miR-132-5p,FALSE,0
Spats2l,Not_3UTR,mmu-miR-132-5p,FALSE,0
Cpne5,3UTR,mmu-miR-132-5p,FALSE,0
Nphs1,Not_3UTR,mmu-miR-132-5p,FALSE,1
Cox18,3UTR,mmu-miR-132-5p,FALSE,0
Zfp687,Not_3UTR,mmu-miR-132-5p,FALSE,0
Trrap,Not_3UTR,mmu-miR-132-5p,FALSE,1
Dpp7,Not_3UTR,mmu-miR-132-5p,FALSE,0
Rimbp2,3UTR,mmu-miR-132-5p,FALSE,0
Kat2a,Not_3UTR,mmu-miR-132-5p,FALSE,0
Fkbp9,3UTR,mmu-miR-132-5p,FALSE,0
Gm45929,Not_3UTR,mmu-miR-132-5p,FALSE,0
Cdk9,3UTR,mmu-miR-132-5p,FALSE,0
Tmem215,3UTR,mmu-miR-132-5p,FALSE,0
Foxe1,Not_3UTR,mmu-miR-132-5p,FALSE,0
Olfr658,Not_3UTR,mmu-miR-132-5p,FALSE,0
Adh6-ps1,Not_3UTR,mmu-miR-132-5p,FALSE,0
Efnb1,3UTR,mmu-miR-132-5p,FALSE,0
Abca2,Not_3UTR,mmu-miR-132-5p,FALSE,0
Fgd5,Not_3UTR,mmu-miR-132-5p,FALSE,1
Paqr7,Not_3UTR,mmu-miR-132-5p,FALSE,0
Ier2,3UTR,mmu-miR-132-5p,FALSE,3
Rnf19b,Not_3UTR,mmu-miR-132-5p,FALSE,28
Ces2a,Not_3UTR,mmu-miR-132-5p,FALSE,0
Clip4,3UTR,mmu-miR-132-5p,FALSE,0
Smad6,Not_3UTR,mmu-miR-132-5p,FALSE,0
Entpd2,Not_3UTR,mmu-miR-132-5p,FALSE,0
Cryl1,Not_3UTR,mmu-miR-132-5p,FALSE,0
Cldn2,3UTR,mmu-miR-132-5p,FALSE,0
Soat1,Not_3UTR,mmu-miR-132-5p,FALSE,2
Washc3,Not_3UTR,mmu-miR-132-5p,FALSE,0
Eno4,3UTR,mmu-miR-132-5p,FALSE,0
Mtr,Not_3UTR,mmu-miR-132-5p,FALSE,0
Ackr2,3UTR,mmu-miR-132-5p,FALSE,0
Yy1,Not_3UTR,mmu-miR-132-5p,FALSE,24
Klf12,3UTR,mmu-miR-132-5p,FALSE,0
Epha3,Not_3UTR,mmu-miR-132-5p,FALSE,0
Rab5b,3UTR,mmu-miR-132-5p,FALSE,0
Cgnl1,3UTR,mmu-miR-132-5p,FALSE,0
BC027072,Not_3UTR,mmu-miR-132-5p,FALSE,0
Cga,3UTR,mmu-miR-132-5p,FALSE,1
Ptprt,Not_3UTR,mmu-miR-132-5p,FALSE,0
Rabl3,Not_3UTR,mmu-miR-132-5p,FALSE,1
Wnk4,Not_3UTR,mmu-miR-132-5p,FALSE,0
Ifitm2,3UTR,mmu-miR-132-5p,FALSE,1
Ptprv,Not_3UTR,mmu-miR-132-5p,FALSE,0
Cdyl2,3UTR,mmu-miR-132-5p,FALSE,0
Yeats2,3UTR,mmu-miR-132-5p,FALSE,0
Marc2,3UTR,mmu-miR-132-5p,FALSE,0
Cep192,Not_3UTR,mmu-miR-132-5p,FALSE,0
Gid8,Not_3UTR,mmu-miR-132-5p,FALSE,0
Tyw3,3UTR,mmu-miR-132-5p,FALSE,0
Shank2,Not_3UTR,mmu-miR-132-5p,FALSE,2
Cdh23,3UTR,mmu-miR-132-5p,FALSE,0
Cdh11,3UTR,mmu-miR-132-5p,FALSE,0
Cdca7l,3UTR,mmu-miR-132-5p,FALSE,3
Macf1,Not_3UTR,mmu-miR-132-5p,FALSE,3
Psrc1,3UTR,mmu-miR-132-5p,FALSE,5
Rheb,Not_3UTR,mmu-miR-132-5p,FALSE,0
Fzd2,Not_3UTR,mmu-miR-132-5p,FALSE,0
Kcnq1ot1,3UTR,mmu-miR-132-5p,FALSE,2
Kirrel3,Not_3UTR,mmu-miR-132-5p,FALSE,0
Cd4,3UTR,mmu-miR-132-5p,FALSE,12
Zpbp2,Not_3UTR,mmu-miR-132-5p,FALSE,0
Tnfrsf19,3UTR,mmu-miR-132-5p,FALSE,0
Crtam,Not_3UTR,mmu-miR-132-5p,FALSE,0
Gm20125,3UTR,mmu-miR-132-5p,FALSE,0
Gm6815,3UTR,mmu-miR-132-5p,FALSE,0
Prdm16,3UTR,mmu-miR-132-5p,FALSE,0
Ino80d,3UTR,mmu-miR-132-5p,FALSE,4
Dlx1,3UTR,mmu-miR-132-5p,FALSE,0
Tenm3,Not_3UTR,mmu-miR-132-5p,FALSE,0
Sun1,Not_3UTR,mmu-miR-132-5p,FALSE,0
Tdp2,Not_3UTR,mmu-miR-132-5p,FALSE,0
Smpd3,3UTR,mmu-miR-132-5p,FALSE,0
Ears2,3UTR,mmu-miR-132-5p,FALSE,0
Tppp,Not_3UTR,mmu-miR-132-5p,FALSE,0
Pik3r1,Not_3UTR,mmu-miR-132-5p,FALSE,4
Senp2,Not_3UTR,mmu-miR-132-5p,FALSE,0
Lama1,Not_3UTR,mmu-miR-132-5p,FALSE,0
Fhad1,Not_3UTR,mmu-miR-132-5p,FALSE,0
Ssxb10,3UTR,mmu-miR-132-5p,FALSE,0
Bcl2,Not_3UTR,mmu-miR-132-5p,FALSE,42
Rad21,Not_3UTR,mmu-miR-132-5p,FALSE,2
Prop1,Not_3UTR,mmu-miR-132-5p,FALSE,0
Hal,Not_3UTR,mmu-miR-132-5p,FALSE,0
Adamts4,3UTR,mmu-miR-132-5p,FALSE,0
Bhlhe40,3UTR,mmu-miR-132-5p,FALSE,0
Heatr5b,Not_3UTR,mmu-miR-132-5p,FALSE,0
Polr1b,Not_3UTR,mmu-miR-132-5p,FALSE,1
Gm266,3UTR,mmu-miR-132-5p,FALSE,1
Flrt1,Not_3UTR,mmu-miR-132-5p,FALSE,0
Ppfia4,Not_3UTR,mmu-miR-132-5p,FALSE,0
Plekhm3,Not_3UTR,mmu-miR-132-5p,FALSE,0
Camta1,3UTR,mmu-miR-132-5p,FALSE,0
4930474G06Rik,Not_3UTR,mmu-miR-132-5p,FALSE,0
Tmem210,Not_3UTR,mmu-miR-132-5p,FALSE,0
Slc38a7,3UTR,mmu-miR-132-5p,FALSE,0
Olfr545,Not_3UTR,mmu-miR-132-5p,FALSE,0
Pcdh9,3UTR,mmu-miR-132-5p,FALSE,0
Zfp598,Not_3UTR,mmu-miR-132-5p,FALSE,0
Tex101,Not_3UTR,mmu-miR-132-5p,FALSE,0
Cyp51,Not_3UTR,mmu-miR-132-5p,FALSE,0
Gm884,Not_3UTR,mmu-miR-132-5p,FALSE,0
Pcdha8,Not_3UTR,mmu-miR-132-5p,FALSE,0
Mthfsl,Not_3UTR,mmu-miR-132-5p,FALSE,0
C730027H18Rik,3UTR,mmu-miR-132-5p,FALSE,0
Lca5,3UTR,mmu-miR-132-5p,FALSE,0
Celsr1,3UTR,mmu-miR-132-5p,FALSE,0
Ppm1j,Not_3UTR,mmu-miR-132-5p,FALSE,0
4930506C21Rik,3UTR,mmu-miR-132-5p,FALSE,0
Slc39a4,Not_3UTR,mmu-miR-132-5p,FALSE,0
Arhgap10,3UTR,mmu-miR-132-5p,FALSE,0
Trmt10a,Not_3UTR,mmu-miR-132-5p,FALSE,0
Rhoh,Not_3UTR,mmu-miR-132-5p,FALSE,0
Tle3,Not_3UTR,mmu-miR-132-5p,FALSE,0
Vmac,Not_3UTR,mmu-miR-132-5p,FALSE,0
Kif14,Not_3UTR,mmu-miR-132-5p,FALSE,0
Mical2,Not_3UTR,mmu-miR-132-5p,FALSE,0
Egfl6,3UTR,mmu-miR-132-5p,FALSE,0
Zfp652,3UTR,mmu-miR-132-5p,FALSE,3
Tab3,3UTR,mmu-miR-132-5p,FALSE,0
Tmem19,3UTR,mmu-miR-132-5p,FALSE,0
Pxdn,Not_3UTR,mmu-miR-132-5p,FALSE,0
Afg3l1,3UTR,mmu-miR-132-5p,FALSE,0
Ap5s1,Not_3UTR,mmu-miR-132-5p,FALSE,1
Bivm,3UTR,mmu-miR-132-5p,FALSE,1
Pitpnm1,Not_3UTR,mmu-miR-132-5p,FALSE,0
Gsn,Not_3UTR,mmu-miR-132-5p,FALSE,0
Spink5,Not_3UTR,mmu-miR-132-5p,FALSE,0
Fam221a,3UTR,mmu-miR-132-5p,FALSE,0
H13,3UTR,mmu-miR-132-5p,FALSE,0
Bcl7c,3UTR,mmu-miR-132-5p,FALSE,0
Gak,Not_3UTR,mmu-miR-132-5p,FALSE,0
Camk4,3UTR,mmu-miR-132-5p,FALSE,2
Slit3,Not_3UTR,mmu-miR-132-5p,FALSE,0
Mrpl22,3UTR,mmu-miR-132-5p,FALSE,7
Kidins220,Not_3UTR,mmu-miR-132-5p,FALSE,0
Rnf128,Not_3UTR,mmu-miR-132-5p,FALSE,0
Slc16a5,Not_3UTR,mmu-miR-132-5p,FALSE,0
Bbx,3UTR,mmu-miR-132-5p,FALSE,0
Dusp11,3UTR,mmu-miR-132-5p,FALSE,0
Agps,3UTR,mmu-miR-132-5p,FALSE,0
Nptxr,3UTR,mmu-miR-132-5p,FALSE,0
Ago4,3UTR,mmu-miR-132-5p,FALSE,0
Klhl25,3UTR,mmu-miR-132-5p,FALSE,20
Bag4,3UTR,mmu-miR-132-5p,FALSE,0
Alpk2,Not_3UTR,mmu-miR-132-5p,FALSE,0
Sephs2,Not_3UTR,mmu-miR-132-5p,FALSE,1
Parvb,Not_3UTR,mmu-miR-132-5p,FALSE,0
Dmpk,Not_3UTR,mmu-miR-132-5p,FALSE,0
Uso1,Not_3UTR,mmu-miR-132-5p,FALSE,0
Brinp2,Not_3UTR,mmu-miR-132-5p,FALSE,0
Aldh5a1,Not_3UTR,mmu-miR-132-5p,FALSE,0
Clstn1,3UTR,mmu-miR-132-5p,FALSE,0
Atrn,Not_3UTR,mmu-miR-132-5p,FALSE,0
A830052D11Rik,3UTR,mmu-miR-132-5p,FALSE,0
Cdk7,3UTR,mmu-miR-132-5p,FALSE,0
Hnf4g,3UTR,mmu-miR-132-5p,FALSE,0
Fryl,Not_3UTR,mmu-miR-132-5p,FALSE,1
Herc2,Not_3UTR,mmu-miR-132-5p,FALSE,0
Wfs1,Not_3UTR,mmu-miR-132-5p,FALSE,0
Klhl40,Not_3UTR,mmu-miR-132-5p,FALSE,0
Foxc2,Not_3UTR,mmu-miR-132-5p,FALSE,0
Git2,3UTR,mmu-miR-132-5p,FALSE,0
Ptprj,Not_3UTR,mmu-miR-132-5p,FALSE,0
2410131K14Rik,3UTR,mmu-miR-132-5p,FALSE,0
Spa17,Not_3UTR,mmu-miR-132-5p,FALSE,0
Gcn1l1,Not_3UTR,mmu-miR-132-5p,FALSE,0
Fbxl20,3UTR,mmu-miR-132-5p,FALSE,0
Abca14,Not_3UTR,mmu-miR-132-5p,FALSE,0
Nlrp9b,Not_3UTR,mmu-miR-132-5p,FALSE,0
Gm12108,3UTR,mmu-miR-132-5p,FALSE,1
1700025G04Rik,3UTR,mmu-miR-132-5p,FALSE,2
Hsd17b1,Not_3UTR,mmu-miR-132-5p,FALSE,0
Atxn1,3UTR,mmu-miR-132-5p,FALSE,0
Dscam,Not_3UTR,mmu-miR-132-5p,FALSE,0
Wars,3UTR,mmu-miR-132-5p,FALSE,5
Nespas,3UTR,mmu-miR-132-5p,FALSE,0
Atcay,3UTR,mmu-miR-132-5p,FALSE,0
Sim1,3UTR,mmu-miR-132-5p,FALSE,0
Ergic1,3UTR,mmu-miR-132-5p,FALSE,0
Vps4b,3UTR,mmu-miR-132-5p,FALSE,9
Il1rap,3UTR,mmu-miR-132-5p,FALSE,0
Abraxas2,3UTR,mmu-miR-132-5p,FALSE,0
B930025P03Rik,3UTR,mmu-miR-132-5p,FALSE,0
Fastk,Not_3UTR,mmu-miR-132-5p,FALSE,0
Asap1,3UTR,mmu-miR-132-5p,FALSE,0
Grm4,Not_3UTR,mmu-miR-132-5p,FALSE,0
Abcg5,Not_3UTR,mmu-miR-132-5p,FALSE,1
Wbscr17,3UTR,mmu-miR-132-5p,FALSE,0
Zfp869,3UTR,mmu-miR-132-5p,FALSE,7
Nrep,3UTR,mmu-miR-132-5p,FALSE,0
Zfp180,3UTR,mmu-miR-132-5p,FALSE,2
Ripor3,Not_3UTR,mmu-miR-132-5p,FALSE,0
Smyd5,Not_3UTR,mmu-miR-132-5p,FALSE,0
Mfsd5,Not_3UTR,mmu-miR-132-5p,FALSE,0
Bcar1,Not_3UTR,mmu-miR-132-5p,FALSE,0
Arhgef3,3UTR,mmu-miR-132-5p,FALSE,0
Cpsf4l,3UTR,mmu-miR-132-5p,FALSE,0
Phf20,3UTR,mmu-miR-132-5p,FALSE,0
AI413582,3UTR,mmu-miR-132-5p,FALSE,14
Nt5c3,Not_3UTR,mmu-miR-132-5p,FALSE,1
Bche,3UTR,mmu-miR-132-5p,FALSE,1
Zfp74,3UTR,mmu-miR-132-5p,FALSE,0
Trim25,Not_3UTR,mmu-miR-132-5p,FALSE,0
Slc7a14,3UTR,mmu-miR-132-5p,FALSE,0
Adgre5,3UTR,mmu-miR-132-5p,FALSE,4
Pogz,Not_3UTR,mmu-miR-132-5p,FALSE,1
Serpina1c,Not_3UTR,mmu-miR-132-5p,FALSE,0
1700048M11Rik,3UTR,mmu-miR-132-5p,FALSE,0
Fancc,3UTR,mmu-miR-132-5p,FALSE,0
Rhebl1,Not_3UTR,mmu-miR-132-5p,FALSE,0
Npffr2,Not_3UTR,mmu-miR-132-5p,FALSE,0
Gm4971,3UTR,mmu-miR-132-5p,FALSE,0
Cxcl12,3UTR,mmu-miR-132-5p,FALSE,0
Ctnnbip1,3UTR,mmu-miR-132-5p,FALSE,0
Eme1,Not_3UTR,mmu-miR-132-5p,FALSE,0
Olfr748,Not_3UTR,mmu-miR-132-5p,FALSE,0
Cyhr1,Not_3UTR,mmu-miR-132-5p,FALSE,0
Lzts1,Not_3UTR,mmu-miR-132-5p,FALSE,0
Mdn1,3UTR,mmu-miR-132-5p,FALSE,3
Agtrap,3UTR,mmu-miR-132-5p,FALSE,0
Arhgap32,3UTR,mmu-miR-132-5p,FALSE,0
Gnpda2,3UTR,mmu-miR-132-5p,FALSE,5
Asb7,3UTR,mmu-miR-132-5p,FALSE,0
3000002C10Rik,3UTR,mmu-miR-132-5p,FALSE,0
Ankrd27,3UTR,mmu-miR-132-5p,FALSE,0
Rps29,Not_3UTR,mmu-miR-132-5p,FALSE,27
5033406O09Rik,3UTR,mmu-miR-132-5p,FALSE,0
B930092H01Rik,3UTR,mmu-miR-132-5p,FALSE,0
Hepacam,3UTR,mmu-miR-132-5p,FALSE,0
Ccdc106,Not_3UTR,mmu-miR-132-5p,FALSE,0
Platr21,3UTR,mmu-miR-132-5p,FALSE,0
Angptl7,3UTR,mmu-miR-132-5p,FALSE,0
Ghrhr,Not_3UTR,mmu-miR-132-5p,FALSE,0
Olfr323,Not_3UTR,mmu-miR-132-5p,FALSE,0
Slc22a26,Not_3UTR,mmu-miR-132-5p,FALSE,0
2310065F04Rik,3UTR,mmu-miR-132-5p,FALSE,0
Pla2g15,3UTR,mmu-miR-132-5p,FALSE,0
2900011O08Rik,3UTR,mmu-miR-132-5p,TRUE,0
Vezt,3UTR,mmu-miR-132-5p,FALSE,0
2410002F23Rik,Not_3UTR,mmu-miR-132-5p,FALSE,0
Olfr287,Not_3UTR,mmu-miR-132-5p,FALSE,0
Tbc1d31,3UTR,mmu-miR-132-5p,FALSE,0
Slc17a9,Not_3UTR,mmu-miR-132-5p,FALSE,0
Cd300a,3UTR,mmu-miR-132-5p,FALSE,0
Csrnp1,Not_3UTR,mmu-miR-132-5p,FALSE,0
4931408D14Rik,3UTR,mmu-miR-132-5p,FALSE,0
Aak1,3UTR,mmu-miR-132-5p,FALSE,1
Pdlim3,Not_3UTR,mmu-miR-132-5p,FALSE,0
Wnt10b,Not_3UTR,mmu-miR-132-5p,FALSE,0
Rgs6,3UTR,mmu-miR-132-5p,FALSE,0
Arhgef2,3UTR,mmu-miR-132-5p,FALSE,0
Rsf1,3UTR,mmu-miR-132-5p,FALSE,3
Tha1,Not_3UTR,mmu-miR-132-5p,FALSE,0
Apol6,Not_3UTR,mmu-miR-132-5p,FALSE,0
Stat1,3UTR,mmu-miR-132-5p,FALSE,2
Qrich2,Not_3UTR,mmu-miR-132-5p,FALSE,0
Plbd1,Not_3UTR,mmu-miR-132-5p,FALSE,0
Lmnb2,3UTR,mmu-miR-132-5p,FALSE,0
Rtp1,Not_3UTR,mmu-miR-132-5p,FALSE,0
4930474M22Rik,3UTR,mmu-miR-132-5p,FALSE,0
Amer1,3UTR,mmu-miR-132-5p,FALSE,0
Gm38667,Not_3UTR,mmu-miR-132-5p,FALSE,0
Rassf5,Not_3UTR,mmu-miR-132-5p,FALSE,15
Ankrd17,3UTR,mmu-miR-132-5p,FALSE,3
Acvr2a,3UTR,mmu-miR-132-5p,FALSE,6
Hydin,Not_3UTR,mmu-miR-132-5p,FALSE,0
Car2,Not_3UTR,mmu-miR-132-5p,FALSE,0
Pik3c2b,Not_3UTR,mmu-miR-132-5p,FALSE,0
Kansl2,3UTR,mmu-miR-132-5p,FALSE,1
Prickle1,Not_3UTR,mmu-miR-132-5p,FALSE,0
Nipal4,Not_3UTR,mmu-miR-132-5p,FALSE,1
Rbm26,Not_3UTR,mmu-miR-132-5p,FALSE,17
Fto,Not_3UTR,mmu-miR-132-5p,FALSE,0
Abtb1,3UTR,mmu-miR-132-5p,FALSE,1
Creb1,3UTR,mmu-miR-132-5p,FALSE,0
Nutf2-ps1,Not_3UTR,mmu-miR-132-5p,FALSE,5
Zbtb43,3UTR,mmu-miR-132-5p,FALSE,0
Adgra1,3UTR,mmu-miR-132-5p,FALSE,0
Sis,3UTR,mmu-miR-132-5p,FALSE,0
Pold1,Not_3UTR,mmu-miR-132-5p,FALSE,0
Ttll1,Not_3UTR,mmu-miR-132-5p,FALSE,0
Ncapd3,Not_3UTR,mmu-miR-132-5p,FALSE,0
Psmd12,Not_3UTR,mmu-miR-132-5p,FALSE,6
Rab3a,Not_3UTR,mmu-miR-132-5p,FALSE,5
Sap130,Not_3UTR,mmu-miR-132-5p,FALSE,0
Atf2,3UTR,mmu-miR-132-5p,FALSE,0
Fzd9,Not_3UTR,mmu-miR-132-5p,FALSE,0
Bcl7a,3UTR,mmu-miR-132-5p,FALSE,0
Kat6a,3UTR,mmu-miR-132-5p,FALSE,0
Hrh2,3UTR,mmu-miR-132-5p,FALSE,0
A330035P11Rik,3UTR,mmu-miR-132-5p,FALSE,0
9530068E07Rik,3UTR,mmu-miR-132-5p,FALSE,33
Tubb5,Not_3UTR,mmu-miR-132-5p,FALSE,28
Eif4e3,3UTR,mmu-miR-132-5p,FALSE,3
Sphk2,3UTR,mmu-miR-132-5p,FALSE,0
Abca7,Not_3UTR,mmu-miR-132-5p,FALSE,0
Tas1r1,Not_3UTR,mmu-miR-132-5p,FALSE,0
Ap3s2,3UTR,mmu-miR-132-5p,FALSE,0
Fam168a,3UTR,mmu-miR-132-5p,FALSE,0
Birc5,3UTR,mmu-miR-132-5p,FALSE,0
4933406K04Rik,3UTR,mmu-miR-132-5p,FALSE,0
Slit1,Not_3UTR,mmu-miR-132-5p,FALSE,0
Amdhd1,3UTR,mmu-miR-132-5p,FALSE,0
Ppard,Not_3UTR,mmu-miR-132-5p,FALSE,1
Fnbp1,3UTR,mmu-miR-132-5p,FALSE,3
Pkp3,Not_3UTR,mmu-miR-132-5p,FALSE,1
Gm960,Not_3UTR,mmu-miR-132-5p,FALSE,0
Als2,3UTR,mmu-miR-132-5p,FALSE,0
Cul5,3UTR,mmu-miR-132-5p,FALSE,6
Snrnp70,3UTR,mmu-miR-132-5p,FALSE,0
Fmn1,3UTR,mmu-miR-132-5p,FALSE,0
Slc41a1,3UTR,mmu-miR-132-5p,FALSE,3
Stap2,3UTR,mmu-miR-132-5p,FALSE,0
E130308A19Rik,3UTR,mmu-miR-132-5p,FALSE,0
Ffar4,3UTR,mmu-miR-132-5p,FALSE,0
Kcnk2,Not_3UTR,mmu-miR-132-5p,FALSE,0
Zhx2,Not_3UTR,mmu-miR-132-5p,FALSE,0
Rragc,3UTR,mmu-miR-132-5p,FALSE,0
Tigd5,Not_3UTR,mmu-miR-132-5p,FALSE,0
6430562O15Rik,3UTR,mmu-miR-132-5p,FALSE,2
Nfkb1,Not_3UTR,mmu-miR-132-5p,FALSE,1
5930403L14Rik,3UTR,mmu-miR-132-5p,FALSE,0
Smpdl3b,Not_3UTR,mmu-miR-132-5p,FALSE,0
Gm8709,3UTR,mmu-miR-132-5p,FALSE,0
Epas1,3UTR,mmu-miR-132-5p,FALSE,0
Acpt,Not_3UTR,mmu-miR-132-5p,FALSE,0
Cldn11,3UTR,mmu-miR-132-5p,FALSE,0
Coq4,Not_3UTR,mmu-miR-132-5p,FALSE,0
Gna13,3UTR,mmu-miR-132-5p,FALSE,11
Cntnap1,Not_3UTR,mmu-miR-132-5p,FALSE,0
Pard3b,Not_3UTR,mmu-miR-132-5p,FALSE,0
Elmod3,Not_3UTR,mmu-miR-132-5p,FALSE,0
Ficd,3UTR,mmu-miR-132-5p,FALSE,0
Lig4,Not_3UTR,mmu-miR-132-5p,FALSE,0
Abat,3UTR,mmu-miR-132-5p,FALSE,0
Adora1,3UTR,mmu-miR-132-5p,FALSE,0
Grem2,3UTR,mmu-miR-132-5p,FALSE,0
Adrb3,Not_3UTR,mmu-miR-132-5p,FALSE,0
Noa1,Not_3UTR,mmu-miR-132-5p,FALSE,0
Mcc,3UTR,mmu-miR-132-5p,FALSE,0
Rpap1,Not_3UTR,mmu-miR-132-5p,FALSE,0
Myh3,Not_3UTR,mmu-miR-132-5p,FALSE,0
Rcn1,Not_3UTR,mmu-miR-132-5p,FALSE,0
Ints1,Not_3UTR,mmu-miR-132-5p,FALSE,0
Klrd1,3UTR,mmu-miR-132-5p,FALSE,0
Neto2,3UTR,mmu-miR-132-5p,FALSE,0
1700007L15Rik,3UTR,mmu-miR-132-5p,FALSE,0
Nlrc5,Not_3UTR,mmu-miR-132-5p,FALSE,0
Yars2,Not_3UTR,mmu-miR-132-5p,FALSE,0
Cdk5r1,3UTR,mmu-miR-132-5p,FALSE,0
Ptpn13,Not_3UTR,mmu-miR-132-5p,FALSE,0
Fam46a,3UTR,mmu-miR-132-5p,FALSE,31
Vmn2r6,Not_3UTR,mmu-miR-132-5p,FALSE,0
Gm14204,3UTR,mmu-miR-132-5p,FALSE,0
1600014C10Rik,3UTR,mmu-miR-132-5p,FALSE,0
Thap6,Not_3UTR,mmu-miR-132-5p,FALSE,0
Fam83a,Not_3UTR,mmu-miR-132-5p,FALSE,0
1700019M22Rik,3UTR,mmu-miR-132-5p,FALSE,0
Col12a1,Not_3UTR,mmu-miR-132-5p,FALSE,0
Fam210b,3UTR,mmu-miR-132-5p,FALSE,7
